T,rho,phi,Phi1,Phi2,mu,pressure,entropy,energy,converged
100.00000000000001,3.0,-2.681516635140895,0.049467716326841604,0.11538507391326167,1.5062149370545947,18.339363261212426,0.3818946965298048,-13.627187462196314,1.0
100.00000000000001,2.99,-2.686172593507566,0.049367546086142605,0.11527763425755957,1.505912617155392,18.33921838977519,0.3810383885054891,-13.64344262474577,1.0
100.00000000000001,2.98,-2.690823793799369,0.04926719500337375,0.11516980594552986,1.5056083499801363,18.339073072032896,0.380180547483975,-13.659697873434379,1.0
100.00000000000001,2.97,-2.6954702453727553,0.049166662531244104,0.11506158675710512,1.5053021155927364,18.33892730472827,0.3793211692641676,-13.675953208835999,1.0
100.00000000000001,2.96,-2.70011195756497,0.04906594812710137,0.11495297447443659,1.504993894003604,18.338781084672934,0.3784602497104076,-13.692208630010867,1.0
100.00000000000001,2.95,-2.7047489397941398,0.04896505124570154,0.11484396686762968,1.5046836651119988,18.338634408721852,0.3775977846942288,-13.708464135587235,1.0
100.00000000000001,2.94,-2.7093812015589505,0.048863971339151595,0.11473456169458605,1.5043714087042275,18.338487273774003,0.3767337700954638,-13.724719723761254,1.0
100.00000000000001,2.93,-2.714008752436263,0.0487627078568531,0.1146247567008256,1.5040571044513835,18.33833967677143,0.3758682018012927,-13.740975392297381,1.0
100.00000000000001,2.92,-2.7186316020802033,0.048661260245446154,0.11451454961931605,1.5037407319073322,18.33819161469795,0.3750010757028651,-13.757231138529022,1.0
100.00000000000001,2.91,-2.7232497602211434,0.048559627948748664,0.1144039381702993,1.50342227050667,18.338043084580722,0.3741323877004732,-13.773486959357573,1.0
100.00000000000001,2.9,-2.727863236663423,0.048457810407700676,0.11429292006111139,1.5031016995623752,18.337894083488344,0.37326213369859607,-13.7897428512537,1.0
100.00000000000001,2.89,-2.732472041285814,0.048355807060304526,0.11418149298600844,1.5027789982640154,18.33774460853228,0.3723903096082347,-13.805998810256904,1.0
100.00000000000001,2.88,-2.7370761840377167,0.04825361734156054,0.11406965462597017,1.5024541456749676,18.337594656865537,0.37151691134629833,-13.822254831976165,1.0
100.00000000000001,2.87,-2.7416756749407263,0.048151240683412345,0.11395740264853152,1.5021271207308275,18.33744422568229,0.3706419348334974,-13.838510911589077,1.0
100.00000000000001,2.86,-2.746270524085405,0.04804867651468037,0.11384473470758392,1.501797902236686,18.337293312218353,0.36976537599648707,-13.854767043842433,1.0
100.00000000000001,2.85,-2.7508607416311315,0.0479459242610002,0.1137316484431868,1.5014664688650587,18.337141913750948,0.36888723076621477,-13.871023223052351,1.0
100.00000000000001,2.84,-2.7554463378045315,0.047842983344761086,0.11361814148137274,1.5011327991534862,18.336990027597835,0.3680074950774269,-13.887279443103802,1.0
100.00000000000001,2.83,-2.760027322898756,0.04773985318503997,0.11350421143395512,1.5007968715022546,18.336837651117904,0.36712616487108285,-13.903535697449609,1.0
100.00000000000001,2.82,-2.7646037072716982,0.04763653319753552,0.1133898558983199,1.5004586641718383,18.336684781709913,0.3662432360878183,-13.919791979112983,1.0
100.00000000000001,2.81,-2.7691755013462203,0.04753302279450519,0.11327507245723592,1.5001181552808094,18.336531416813806,0.3653587046752624,-13.936048280683904,1.0
100.00000000000001,2.8,-2.773742715607517,0.047429321384694724,0.11315985867863453,1.4997753228029838,18.336377553908825,0.3644725665819888,-13.952304594321186,1.0
100.00000000000001,2.79,-2.778305360603139,0.04732542837327303,0.1130442121154077,1.4994301445651845,18.336223190515113,0.3635848177595054,-13.968560911752233,1.0
100.00000000000001,2.78,-2.7828634469420197,0.04722134316176235,0.11292813030519779,1.4990825982447096,18.336068324192095,0.36269545416351673,-13.98481722427026,1.0
100.00000000000001,2.77,-2.7874169852928246,0.04711706514796817,0.11281161077017587,1.4987326613666252,18.335912952538376,0.3618044717484945,-14.001073522737071,1.0
100.00000000000001,2.76,-2.7919659863837105,0.04701259372590789,0.11269465101682576,1.4983803113013061,18.33575707319271,0.36091186647324536,-14.017329797580404,1.0
100.00000000000001,2.75,-2.7965104610006835,0.046907928285741245,0.11257724853571886,1.498025525261641,18.335600683832688,0.36001763429638095,-14.033586038794853,1.0
100.00000000000001,2.74,-2.8010504199878534,0.04680306821369628,0.11245940080129362,1.4976682803006174,18.33544378217532,0.359121771178304,-14.049842235940174,1.0
100.00000000000001,2.73,-2.805585874245244,0.046698012891994045,0.11234110527161556,1.4973085533082955,18.335286365975914,0.35822427307972415,-14.066098378141035,1.0
100.00000000000001,2.72,-2.810116834728912,0.04659276169877737,0.11222235938815404,1.4969463210092726,18.335128433029045,0.35732513596088944,-14.0823544540874,1.0
100.00000000000001,2.71,-2.8146433124491623,0.046487314008028816,0.11210316057553193,1.496581559959648,18.334969981167824,0.3564243557828133,-14.09861045203307,1.0
100.00000000000001,2.7,-2.8191653184710175,0.046381669189501186,0.11198350624129837,1.496214246544482,18.334811008263667,0.3555219285049456,-14.114866359794743,1.0
100.00000000000001,2.69,-2.8236828639123432,0.046275826608632394,0.11186339377566974,1.495844356974639,18.3346515122263,0.35461785008690516,-14.131122164751623,1.0
100.00000000000001,2.68,-2.8281959599432813,0.04616978562647006,0.11174282055128747,1.4954718672839156,18.334491491003437,0.3537121164850754,-14.14737785384524,1.0
100.00000000000001,2.67,-2.8327046177858493,0.046063545599587835,0.11162178392295712,1.4950967533261006,18.334330942580877,0.35280472365593085,-14.163633413577376,1.0
100.00000000000001,2.66,-2.8372088487128306,0.04595710588000713,0.11150028122739646,1.494718990771887,18.33416986498266,0.3518956675530024,-14.179888830010567,1.0
100.00000000000001,2.65,-2.841708664047556,0.04585046581511045,0.11137830978297135,1.4943385551058785,18.334008256269854,0.35098494412650827,-14.196144088766077,1.0
100.00000000000001,2.64,-2.846204075162586,0.04574362474755768,0.11125586688941942,1.49395542162331,18.333846114541238,0.3500725493236724,-14.21239917502377,1.0
100.00000000000001,2.63,-2.850695093479013,0.04563658201520187,0.11113294982758566,1.4935695654268737,18.333683437933683,0.3491584790895213,-14.228654073520808,1.0
100.00000000000001,2.62,-2.855181730466755,0.04552933695100051,0.11100955585914322,1.493180961423679,18.333520224620248,0.348242729362101,-14.24490876855066,1.0
100.00000000000001,2.61,-2.859663997642892,0.045421888882927065,0.11088568222631325,1.4927895843217236,18.333356472812437,0.34732529607807977,-14.261163243961946,1.0
100.00000000000001,2.6,-2.8641419065713696,0.04531423713388089,0.11076132615156888,1.4923954086266211,18.333192180757326,0.3464061751666872,-14.277417483157064,1.0
100.00000000000001,2.59,-2.8686154688622922,0.045206381021596784,0.1106364848373513,1.4919984086381735,18.333027346740444,0.3454853625536375,-14.293671469091993,1.0
100.00000000000001,2.58,-2.8730846961713756,0.045098319858551436,0.11051115546576652,1.491598558446898,18.33286196908316,0.3445628541570862,-14.309925184274334,1.0
100.00000000000001,2.57,-2.8775496002000653,0.044990052951868004,0.11038533519828782,1.4911958319306726,18.332696046143848,0.343638645889247,-14.32617861076178,1.0
100.00000000000001,2.56,-2.882010192693219,0.044881579603222255,0.11025902117543593,1.4907902027507385,18.332529576317235,0.3427127336546919,-14.342431730161852,1.0
100.00000000000001,2.55,-2.88646648544092,0.04477289910874304,0.11013221051647994,1.4903816443485758,18.33236255803484,0.34178511335060313,-14.358684523629671,1.0
100.00000000000001,2.54,-2.890918490275469,0.04466401075891475,0.11000490031909958,1.4899701299416392,18.33219498976419,0.3408557808664322,-14.374936971866761,1.0
100.00000000000001,2.53,-2.895366219072758,0.044554913838475256,0.10987708765906973,1.4895556325199821,18.332026870009418,0.33992473208288726,-14.391189055119812,1.0
100.00000000000001,2.52,-2.8998096837507603,0.04444560762631288,0.1097487695899242,1.489138124842176,18.33185819731077,0.3389919628706465,-14.40744075317967,1.0
100.00000000000001,2.51,-2.9042488962699426,0.04433609139536555,0.10961994314262025,1.4887175794316054,18.331688970244485,0.33805746909174506,-14.423692045378171,1.0
100.00000000000001,2.5,-2.9086838686312078,0.04422636441250999,0.10949060532518386,1.4882939685721042,18.331519187422614,0.33712124659483345,-14.439942910589446,1.0
100.00000000000001,2.49,-2.9131146128771106,0.04411642593845868,0.10936075312236337,1.4878672643042499,18.331348847493185,0.3361832912217354,-14.456193327224375,1.0
100.00000000000001,2.48,-2.9175411410904344,0.04400627522764526,0.10923038349527468,1.4874374384210225,18.33117794913999,0.3352435987989374,-14.472443273232823,1.0
100.00000000000001,2.47,-2.921963465394165,0.04389591152811851,0.10909949338102701,1.4870044624636582,18.331006491082707,0.3343021651413298,-14.488692726100048,1.0
100.00000000000001,2.46,-2.9263815979506624,0.04378533408142383,0.10896807969235235,1.4865683077172558,18.330834472076663,0.333358986052393,-14.504941662844452,1.0
100.00000000000001,2.45,-2.9307955509619554,0.04367454212249192,0.10883613931722903,1.486128945206555,18.330661890912058,0.33241405732038415,-14.521190060016316,1.0
100.00000000000001,2.44,-2.9352053366682043,0.04356353487951795,0.10870366911848607,1.4856863456912075,18.330488746415348,0.33146737471853255,-14.537437893697604,1.0
100.00000000000001,2.43,-2.939610967348508,0.04345231157384421,0.10857066593341384,1.4852404796614878,18.330315037447562,0.33051893400563237,-14.55368513949713,1.0
100.00000000000001,2.42,-2.9440124553196285,0.04334087141983992,0.10843712657335655,1.4847913173334653,18.330140762905934,0.32956873092544553,-14.569931772550673,1.0
100.00000000000001,2.41,-2.94840981293644,0.043229213624772625,0.10830304782330301,1.4843388286444246,18.329965921721723,0.32861676120437294,-14.586177767517498,1.0
100.00000000000001,2.4,-2.9528030525908107,0.04311733738868648,0.10816842644146508,1.4838829832478948,18.329790512862917,0.32766302055064234,-14.602423098581152,1.0
100.00000000000001,2.39,-2.9571921867113997,0.04300524190427254,0.10803325915884517,1.48342375050874,18.329614535331054,0.326707504656406,-14.61866773944302,1.0
100.00000000000001,2.38,-2.9615772277638035,0.04289292635674033,0.10789754267880697,1.4829610994982627,18.329437988163185,0.325750209191847,-14.634911663324342,1.0
100.00000000000001,2.37,-2.965958188249911,0.042780389923680995,0.1077612736766248,1.482494998988995,18.329260870431867,0.32479112981079694,-14.651154842961155,1.0
100.00000000000001,2.36,-2.9703350807071747,0.04266763177493415,0.10762444879902187,1.4820254174493894,18.32908318124344,0.3238302621433896,-14.667397250603752,1.0
100.00000000000001,2.35,-2.9747079177092233,0.04255465107245202,0.10748706466371646,1.4815523230387042,18.328904919740044,0.3228676018015075,-14.683638858012856,1.0
100.00000000000001,2.34,-2.9790767118647774,0.0424414469701563,0.10734911785893933,1.4810756836013657,18.328726085097927,0.3219031443715747,-14.699879636459286,1.0
100.00000000000001,2.33,-2.9834414758175987,0.04232801861379605,0.10721060494294811,1.4805954666614898,18.32854667652834,0.32093688541895643,-14.716119556719645,1.0
100.00000000000001,2.32,-2.987802222246388,0.04221436514080365,0.10707152244353937,1.4801116394172573,18.32836669327718,0.3199688204843695,-14.732358589074703,1.0
100.00000000000001,2.31,-2.992158963864239,0.04210048568014429,0.10693186685753465,1.4796241687350389,18.32818613462432,0.3189989450829427,-14.748596703306761,1.0
100.00000000000001,2.3,-2.9965117134187205,0.04198637935216849,0.10679163465027222,1.4791330211436202,18.328004999885287,0.31802725470495374,-14.764833868697316,1.0
100.00000000000001,2.29,-3.000860483691169,0.041872045268453485,0.10665082225507125,1.4786381628280143,18.327823288408588,0.31705374481212784,-14.781070054023745,1.0
100.00000000000001,2.28,-3.00520528749665,0.04175748253165201,0.10650942607269714,1.4781395596233968,18.327640999578545,0.3160784108405988,-14.797305227557306,1.0
100.00000000000001,2.27,-3.0095461376841968,0.04164269023532671,0.10636744247081809,1.4776371770089003,18.327458132813145,0.3151012481958264,-14.813539357060002,1.0
100.00000000000001,2.26,-3.0138830471356535,0.041527667463794556,0.10622486778342806,1.4771309801009922,18.32727468756457,0.31412225225284085,-14.829772409782283,1.0
100.00000000000001,2.25,-3.01821602876608,0.04141241329195393,0.10608169831028227,1.476620933647049,18.32709066331975,0.31314141835739173,-14.846004352459323,1.0
100.00000000000001,2.24,-3.022545095523708,0.04129692678512209,0.10593793031631157,1.4761070020187126,18.326906059599185,0.31215874182115155,-14.862235151308555,1.0
100.00000000000001,2.23,-3.026870260388657,0.041181206998857155,0.10579356003101069,1.4755891492047533,18.326720875958365,0.31117421792504507,-14.878464772026822,1.0
100.00000000000001,2.22,-3.0311915363743176,0.0410652529787874,0.10564858364783983,1.47506733880448,18.32653511198598,0.31018784191260973,-14.894693179787202,1.0
100.00000000000001,2.21,-3.0355089365258303,0.0409490637604294,0.10550299732358617,1.4745415340202492,18.326348767305372,0.30919960899342386,-14.910920339235785,1.0
100.00000000000001,2.2,-3.039822473920586,0.040832638369007496,0.10535679717772668,1.47401169765032,18.32616184157405,0.30820951434044447,-14.927146214488648,1.0
100.00000000000001,2.19,-3.0441321616676094,0.0407159758192667,0.10520997929177418,1.4734777920812823,18.32597433448334,0.3072175530885353,-14.943370769128325,1.0
100.00000000000001,2.18,-3.0484380129079662,0.04059907511528269,0.10506253970860253,1.4729397792805294,18.325786245758398,0.3062237203327408,-14.959593966200801,1.0
100.00000000000001,2.17,-3.052740040813819,0.04048193525027185,0.10491447443176509,1.4723976207882763,18.325597575158444,0.30522801112781256,-14.975815768212108,1.0
100.00000000000001,2.16,-3.057038258589095,0.040364555206387875,0.10476577942479388,1.4718512777097559,18.325408322476534,0.3042304204867067,-14.992036137124565,1.0
100.00000000000001,2.15,-3.0613326794685203,0.040246933954527164,0.10461645061047527,1.4713007107068294,18.325218487539804,0.3032309433796788,-15.008255034353596,1.0
100.00000000000001,2.14,-3.0656233167180575,0.04012907045411891,0.10446648387012632,1.4707458799897875,18.325028070208987,0.30222957473184103,-15.024472420763923,1.0
100.00000000000001,2.13,-3.0699101836344824,0.04001096365291923,0.10431587504283621,1.4701867453087005,18.32483707037841,0.3012263094224086,-15.040688256665902,1.0
100.00000000000001,2.12,-3.0741932935452545,0.03989261248679686,0.10416461992470108,1.4696232659446835,18.324645487976635,0.30022114228255553,-15.056902501812543,1.0
100.00000000000001,2.11,-3.0784726598083365,0.039774015879512306,0.1040127142680375,1.4690554007008894,18.32445332296561,0.2992140680962352,-15.073115115393973,1.0
100.00000000000001,2.1,-3.082748295812353,0.039655172742499925,0.10386015378057806,1.4684831078934268,18.324260575341164,0.29820508159590875,-15.0893260560352,1.0
100.00000000000001,2.09,-3.0870202149758583,0.03953608197464011,0.10370693412464725,1.467906345341813,18.32406724513265,0.297194177462144,-15.105535281791603,1.0
100.00000000000001,2.08,-3.091288430747967,0.03941674246202624,0.1035530509163204,1.4673250703595353,18.32387333240314,0.2961813503221761,-15.121742750144591,1.0
100.00000000000001,2.07,-3.0955529566072837,0.03929715307772993,0.10339849972455512,1.4667392397439656,18.323678837249023,0.29516659474772977,-15.137948417997974,1.0
100.00000000000001,2.06,-3.099813806062512,0.03917731268156011,0.10324327607031318,1.466148809766471,18.32348375980054,0.2941499052543681,-15.154152241673188,1.0
100.00000000000001,2.05,-3.1040709926525407,0.039057220119816875,0.10308737542565738,1.465553736162111,18.323288100221784,0.2931312762993861,-15.170354176905548,1.0
100.00000000000001,2.04,-3.108324529945102,0.038936874225038456,0.1029307932128135,1.4649539741187518,18.323091858709198,0.2921107022779965,-15.186554178839737,1.0
100.00000000000001,2.03,-3.1125744315380084,0.03881627381574795,0.10277352480323722,1.464349478266574,18.322895035493925,0.29108817752632754,-15.202752202024726,1.0
100.00000000000001,2.02,-3.1168207110583115,0.03869541769619059,0.1026155655166276,1.4637402026667634,18.322697630839983,0.29006369631466833,-15.21894820041024,1.0
100.00000000000001,2.01,-3.121063382162198,0.038574304656064026,0.10245691061993996,1.4631261008001248,18.322499645044815,0.2890372528479503,-15.235142127341673,1.0
100.00000000000001,2.0,-3.125302458535251,0.038452933470249334,0.10229755532636345,1.4625071255555162,18.322301078439477,0.28800884126477827,-15.251333935554648,1.0
100.00000000000001,1.99,-3.129537953891576,0.038331302898527576,0.10213749479427016,1.4618832292176753,18.322101931387728,0.2869784556318147,-15.267523577171826,1.0
100.00000000000001,1.98,-3.133769881974769,0.038209411685299934,0.10197672412615033,1.4612543634552293,18.321902204287312,0.2859460899460129,-15.283711003696357,1.0
100.00000000000001,1.97,-3.137998256557063,0.038087258559293125,0.10181523836751294,1.4606204793079274,18.32170189756901,0.28491173813153087,-15.29989616600708,1.0
100.00000000000001,1.96,-3.1422230914390425,0.037964842233264365,0.10165303250575768,1.4599815271737024,18.321501011697123,0.2838753940355887,-15.316079014354708,1.0
100.00000000000001,1.95,-3.1464444004502528,0.03784216140369531,0.1014901014690217,1.459337456795601,18.32129954716885,0.28283705142816706,-15.332259498355114,1.0
100.00000000000001,1.94,-3.15066219744863,0.037719214750484883,0.10132644012499685,1.4586882172481088,18.321097504514277,0.28179670399824913,-15.348437566984803,1.0
100.00000000000001,1.93,-3.1548764963205036,0.03759600093662958,0.1011620432797205,1.4580337569232589,18.320894884297225,0.28075434535381,-15.364613168575083,1.0
100.00000000000001,1.92,-3.1590873109801167,0.03747251860790174,0.10099690567632189,1.4573740235162238,18.320691687114547,0.2797099690189013,-15.380786250806567,1.0
100.00000000000001,1.91,-3.163294655370191,0.03734876639251621,0.10083102199375725,1.4567089640108424,18.32048791359569,0.27866356842876583,-15.396956760703889,1.0
100.00000000000001,1.9,-3.1674985434614906,0.03722474290079408,0.10066438684549293,1.4560385246644756,18.32028356440382,0.2776151369317185,-15.413124644629134,1.0
100.00000000000001,1.89,-3.171698989252254,0.03710044672481389,0.10049699477816684,1.4553626509924393,18.320078640234478,0.27656466778203354,-15.429289848277174,1.0
100.00000000000001,1.88,-3.1758960067690483,0.036975876438060835,0.10032884027021481,1.4546812877523845,18.319873141817197,0.27551215414287467,-15.445452316667996,1.0
100.00000000000001,1.87,-3.1800896100658766,0.03685103059506144,0.10015991773045026,1.45399437892781,18.319667069912935,0.27445758907717605,-15.461611994141922,1.0
100.00000000000001,1.86,-3.184279813224316,0.036725907731019414,0.0999902214966175,1.4533018677113996,18.319460425316713,0.2734009655509126,-15.477768824352568,1.0
100.00000000000001,1.85,-3.1884666303531835,0.03660050636142926,0.09981974583390428,1.4526036964877629,18.319253208856203,0.2723422764278841,-15.493922750260742,1.0
100.00000000000001,1.84,-3.192650075589105,0.03647482498169554,0.09964848493340915,1.4518998068159754,18.31904542139131,0.27128151446479615,-15.51007371412813,1.0
100.00000000000001,1.83,-3.1968301630955334,0.036348862066736515,0.09947643291058579,1.4511901394112239,18.318837063815753,0.2702186723135479,-15.526221657509867,1.0
100.00000000000001,1.82,-3.2010069070630043,0.03622261607057443,0.09930358380361554,1.4504746341262293,18.318628137054752,0.2691537425128714,-15.54236652124845,1.0
100.00000000000001,1.81,-3.205180321709555,0.036096085425927904,0.0991299315717704,1.4497532299322586,18.318418642067464,0.2680867174905649,-15.558508245465903,1.0
100.00000000000001,1.8,-3.209350421279089,0.035969268543781865,0.09895547009370012,1.4490258648990306,18.318208579844914,0.26701758955602917,-15.574646769557804,1.0
100.00000000000001,1.79,-3.213517220043342,0.03584216381295711,0.09878019316570474,1.4482924761750098,18.317997951410625,0.26594635089838337,-15.59078203218509,1.0
100.00000000000001,1.78,-3.217680732299738,0.03571476959966499,0.09860409449992646,1.4475529999660597,18.31778675782129,0.26487299358642463,-15.606913971266513,1.0
100.00000000000001,1.77,-3.2218409723727173,0.03558708424705371,0.09842716772252538,1.4468073715144263,18.317575000165675,0.2637975095596984,-15.623042523972234,1.0
100.00000000000001,1.76,-3.225997954612626,0.03545910607474095,0.09824940637177292,1.446055525076435,18.317362679565186,0.2627198906311529,-15.639167626714249,1.0
100.00000000000001,1.75,-3.230151693396418,0.03533083337834015,0.09807080389612353,1.4452973939000786,18.317149797173375,0.26164012847813134,-15.655289215140126,1.0
100.00000000000001,1.74,-3.234302203126597,0.03520226442896926,0.09789135365220696,1.4445329102014606,18.316936354176264,0.26055821464376255,-15.67140722412327,1.0
100.00000000000001,1.73,-3.238449498232048,0.03507339747275425,0.09771104890278072,1.4437620051410407,18.316722351792183,0.2594741405290367,-15.687521587756573,1.0
100.00000000000001,1.72,-3.2425935931670513,0.034944230730314225,0.0975298828146181,1.4429846087987397,18.31650779127199,0.25838789739325035,-15.703632239341987,1.0
100.00000000000001,1.71,-3.246734502411541,0.034814762396238916,0.0973478484563389,1.4422006501486322,18.316292673898175,0.2572994763479747,-15.719739111382232,1.0
100.00000000000001,1.7,-3.25087224047112,0.03468499063855194,0.09716493879618032,1.4414100570328088,18.31607700098562,0.25620886835101186,-15.735842135573684,1.0
100.00000000000001,1.69,-3.2550068218761052,0.03455491359815862,0.09698114669969497,1.4406127561342277,18.315860773881052,0.25511606420675714,-15.751941242794867,1.0
100.00000000000001,1.68,-3.2591382611825743,0.034424529388281486,0.09679646492740022,1.439808672949239,18.315643993963874,0.2540210545614192,-15.768036363098092,1.0
100.00000000000001,1.67,-3.2632665729713413,0.034293836093886546,0.09661088613234575,1.4389977317588285,18.31542666264439,0.25292382989573425,-15.784127425699793,1.0
100.00000000000001,1.66,-3.267391771847606,0.03416283177108445,0.09642440285761099,1.4381798555990428,18.31520878136519,0.2518243805226526,-15.800214358971646,1.0
100.00000000000001,1.65,-3.2715138724417776,0.03403151444652683,0.09623700753374206,1.437354966230927,18.314990351600844,0.250722696583512,-15.81629709042944,1.0
100.00000000000001,1.64,-3.27563288940797,0.03389988211678235,0.09604869247609603,1.4365229841088931,18.314771374857134,0.2496187680430595,-15.832375546722902,1.0
100.00000000000001,1.63,-3.2797488374248887,0.03376793274769749,0.09585944988212382,1.4356838283487006,18.314551852672384,0.2485125846862041,-15.848449653625849,1.0
100.00000000000001,1.62,-3.283861731195666,0.03363566427374303,0.0956692718285691,1.4348374166942501,18.314331786615337,0.24740413610854523,-15.864519336025266,1.0
100.00000000000001,1.61,-3.2879715854464178,0.033503074597338624,0.09547815026856675,1.4339836654829257,18.314111178286385,0.24629341171712615,-15.880584517909687,1.0
100.00000000000001,1.6,-3.2920784149272446,0.033370161588165345,0.0952860770286814,1.4331224896105403,18.31389002931802,0.24518040072386055,-15.896645122358604,1.0
100.00000000000001,1.59,-3.296182234412013,0.03323692308245869,0.09509304380584124,1.432253802494838,18.31366834137353,0.24406509213868,-15.912701071530673,1.0
100.00000000000001,1.58,-3.300283058697249,0.03310335688228092,0.09489904216417808,1.4313775160375952,18.313446116147105,0.24294747476574594,-15.928752286651621,1.0
100.00000000000001,1.57,-3.304380902602747,0.03296946075477686,0.09470406353178097,1.430493540585988,18.313223355364435,0.24182753719700853,-15.944798688003008,1.0
100.00000000000001,1.56,-3.3084757809708596,0.03283523243140716,0.09450809919734013,1.429601784892307,18.31300006078222,0.24070526781046664,-15.960840194907794,1.0
100.00000000000001,1.55,-3.312567708666738,0.03270066960716418,0.09431114030669796,1.4287021560726965,18.312776234187776,0.2395806547589815,-15.976876725719725,1.0
100.00000000000001,1.54,-3.316656700577233,0.03256576993976456,0.09411317785928361,1.427794559564149,18.31255187739969,0.2384536859688075,-15.992908197809149,1.0
100.00000000000001,1.53,-3.3207427716120104,0.032430531048821425,0.09391420270444675,1.4268788990806618,18.312326992266698,0.23732434913113631,-16.00893452754944,1.0
100.00000000000001,1.52,-3.324825936701979,0.03229495051499193,0.09371420553766689,1.4259550765672782,18.312101580668262,0.23619263169709787,-16.02495563030366,1.0
100.00000000000001,1.51,-3.3289062107994347,0.032159025879102625,0.09351317689665087,1.4250229921530184,18.311875644514533,0.23505852087206364,-16.04097142041009,1.0
100.00000000000001,1.5,-3.332983608878295,0.03202275464125228,0.09331110715730424,1.4240825441022753,18.311649185745843,0.23392200360863594,-16.056981811167418,1.0
100.00000000000001,1.49,-3.3370581459333986,0.03188613425988734,0.09310798652957547,1.42313362876432,18.311422206332917,0.2327830666006903,-16.072986714820004,1.0
100.00000000000001,1.48,-3.3411298369802127,0.031749162150851766,0.09290380505316219,1.4221761405212099,18.31119470827662,0.2316416962745067,-16.088986042543258,1.0
100.00000000000001,1.47,-3.3451986970544474,0.031611835686412466,0.09269855259308991,1.4212099717338869,18.3109666936075,0.23049787878436676,-16.104979704426576,1.0
100.00000000000001,1.46,-3.349264741212325,0.031474152194253056,0.09249221883513396,1.4202350126866108,18.310738164386205,0.2293516000046113,-16.12096760945759,1.0
100.00000000000001,1.45,-3.3533279845295234,0.03133610895644451,0.09228479328110237,1.4192511515290884,18.310509122703056,0.228202845522411,-16.136949665505743,1.0
100.00000000000001,1.44,-3.3573884421011617,0.03119770320837864,0.09207626524396101,1.4182582742169083,18.31027957067832,0.22705160063074153,-16.152925779304866,1.0
100.00000000000001,1.43,-3.3614461290420574,0.031058932137680677,0.09186662384279665,1.4172562644499196,18.31004951046125,0.2258978503184338,-16.16889585643598,1.0
100.00000000000001,1.42,-3.3655010604854776,0.030919792883077876,0.09165585799761333,1.4162450036080596,18.309818944230884,0.22474157926557436,-16.18485980130856,1.0
100.00000000000001,1.41,-3.3695532515832967,0.03078028253324845,0.09144395642395305,1.4152243706852599,18.30958787419501,0.22358277183286043,-16.200817517142152,1.0
100.00000000000001,1.4,-3.37360271750592,0.030640398125625048,0.09123090762734087,1.4141942422209375,18.309356302590484,0.22242141205443472,-16.216768905946925,1.0
100.00000000000001,1.39,-3.3776494734410663,0.03050013664516801,0.09101669989753201,1.4131544922286956,18.309124231683615,0.22125748362970427,-16.232713868504636,1.0
100.00000000000001,1.38,-3.381693534594396,0.03035949502310304,0.09080132130257605,1.4121049921229492,18.30889166376854,0.2200909699127901,-16.248652304347196,1.0
100.00000000000001,1.37,-3.3857349161884516,0.030218470135616456,0.09058475968266294,1.4110456106423925,18.308658601169476,0.2189218539059692,-16.264584111737285,1.0
100.00000000000001,1.36,-3.389773633462721,0.030077058802515114,0.09036700264376454,1.4099762137709722,18.308425046236977,0.21775011824698803,-16.280509187644626,1.0
100.00000000000001,1.35,-3.3938097016732973,0.029935257785842235,0.09014803755106107,1.4088966646558119,18.308191001351695,0.21657574520388068,-16.296427427725458,1.0
100.00000000000001,1.34,-3.3978431360916166,0.029793063788451455,0.08992785152211298,1.4078068235218073,18.307956468921315,0.21539871666084554,-16.312338726299284,1.0
100.00000000000001,1.33,-3.401873952005545,0.029650473452537743,0.08970643141982526,1.4067065475836686,18.307721451381866,0.2142190141100421,-16.328242976325075,1.0
100.00000000000001,1.32,-3.4059021647178653,0.029507483358119757,0.08948376384514029,1.405595690953906,18.30748595119689,0.21303661864214266,-16.34414006937637,1.0
100.00000000000001,1.31,-3.4099277895458346,0.02936409002147626,0.08925983512945908,1.404474104547585,18.307249970857654,0.21185151093335447,-16.360029895617533,1.0
100.00000000000001,1.3,-3.4139508418216997,0.02922028989353408,0.08903463132682404,1.4033416359837052,18.30701351288278,0.2106636712359023,-16.375912343776672,1.0
100.00000000000001,1.29,-3.417971336891373,0.029076079358199544,0.08880813820578563,1.4021981294822168,18.306776579817804,0.2094730793668721,-16.3917873011189,1.0
100.00000000000001,1.28,-3.421989290114133,0.02893145473064087,0.08858034124098273,1.4010434257573203,18.306539174235766,0.2082797146945561,-16.407654653420327,1.0
100.00000000000001,1.27,-3.4260047168630514,0.02878641225551249,0.08835122560442184,1.3998773619067544,18.306301298735775,0.20708355612701515,-16.42351428493792,1.0
100.00000000000001,1.26,-3.4300176325230427,0.028640948105121432,0.08812077615640884,1.398699771296032,18.30606295594445,0.20588458210364396,-16.43936607838013,1.0
100.00000000000001,1.25,-3.434028052491759,0.0284950583775321,0.08788897743617252,1.3975104834388363,18.30582414851361,0.20468277057474502,-16.45520991487787,1.0
100.00000000000001,1.24,-3.438035992178445,0.028348739094609592,0.0876558136521048,1.3963093238720325,18.305584879122712,0.20347809899413866,-16.471045673953114,1.0
100.00000000000001,1.23,-3.442041467003621,0.02820198619999689,0.08742126867164943,1.395096114025841,18.305345150475794,0.20227054430448038,-16.486873233484086,1.0
100.00000000000001,1.22,-3.4460444923984843,0.028054795557019854,0.08718532601079808,1.3938706710885709,18.30510496530351,0.2010600829211388,-16.502692469675203,1.0
100.00000000000001,1.21,-3.4500450838048278,0.02790716294652759,0.0869479688231834,1.3926328078659902,18.304864326361457,0.19984669071906877,-16.51850325702003,1.0
100.00000000000001,1.2,-3.4540432566738977,0.027759084064650677,0.0867091798887324,1.391382332634457,18.304623236431425,0.1986303430199543,-16.534305468266314,1.0
100.00000000000001,1.19,-3.4580390264663254,0.02761055452048688,0.08646894160190134,1.3901190489882627,18.304381698319535,0.19741101457139387,-16.550098974379733,1.0
100.00000000000001,1.18,-3.462032408651764,0.027461569833703826,0.08622723595942762,1.3888427556803837,18.304139714856415,0.19618867953464475,-16.565883644504108,1.0
100.00000000000001,1.17,-3.4660234187076715,0.02731212543205571,0.08598404454759205,1.3875532464562192,18.30389728889827,0.1949633114690932,-16.581659345922837,1.0
100.00000000000001,1.16,-3.470012072119961,0.02716221664881337,0.08573934852898507,1.3862503098806902,18.303654423325213,0.1937348833122663,-16.59742594401758,1.0
100.00000000000001,1.15,-3.473998384380955,0.027011838720100666,0.08549312862871389,1.3849337291570836,18.303411121041112,0.1925033673636642,-16.613183302225504,1.0
100.00000000000001,1.14,-3.4779823709898685,0.026860986782134926,0.08524536512006783,1.3836032819386708,18.30316738497438,0.1912687352666628,-16.628931281995975,1.0
100.00000000000001,1.13,-3.4819640474523865,0.026709655868364126,0.08499603780958243,1.382258740131746,18.30292321807717,0.19003095799011488,-16.644669742744178,1.0
100.00000000000001,1.12,-3.485943429279293,0.026557840906501654,0.08474512602147985,1.3808998696896473,18.30267862332389,0.18879000580624716,-16.660398541804085,1.0
100.00000000000001,1.11,-3.489920531986367,0.026405536715447528,0.08449260858146347,1.379526430397843,18.302433603712746,0.1875458482734407,-16.67611753437977,1.0
100.00000000000001,1.1,-3.493895371093895,0.026252738002095308,0.08423846379982321,1.3781381756492086,18.302188162265352,0.18629845421540112,-16.691826573494144,1.0
100.00000000000001,1.09,-3.4978679621261115,0.026099439358016452,0.08398266945382518,1.376734852208944,18.30194230202477,0.185047791697032,-16.707525509936154,1.0
100.00000000000001,1.08,-3.5018383206099126,0.025945635256018784,0.08372520276933064,1.3753161999684929,18.301696026057247,0.18379382800382738,-16.723214192207056,1.0
100.00000000000001,1.07,-3.505806462075669,0.0257913200465705,0.08346604040163211,1.3738819516885301,18.301449337450414,0.18253652961919464,-16.738892466461607,1.0
100.00000000000001,1.06,-3.509772402054769,0.02563648795408587,0.0832051584154349,1.3724318327290026,18.301202239314314,0.18127586220000996,-16.754560176450955,1.0
100.00000000000001,1.05,-3.5137361560806735,0.02548113307306199,0.08294253226396248,1.37096556076727,18.300954734780074,0.18001179054996388,-16.7702171634609,1.0
100.00000000000001,1.04,-3.517697739687145,0.025325249364064616,0.08267813676712574,1.369482845502012,18.300706826999615,0.17874427859547803,-16.785863266247453,1.0
100.00000000000001,1.03,-3.521657168408601,0.02516883064955092,0.0824119460887071,1.3679833883433696,18.300458519146613,0.17747328936070647,-16.801498320970794,1.0
100.00000000000001,1.02,-3.525614457778326,0.025011870609521605,0.08214393371249601,1.3664668820873398,18.300209814414586,0.1761987849354336,-16.817122161127276,1.0
100.00000000000001,1.01,-3.5295696233289444,0.0248543627769967,0.08187407241735205,1.3649330105747854,18.299960716017626,0.17492072645038542,-16.832734617476355,1.0
100.00000000000001,1.0,-3.533522680591156,0.024696300533302903,0.08160233425108228,1.3633814483329176,18.299711227189842,0.17363907404393428,-16.848335517967698,1.0
100.00000000000001,0.99,-3.5374736450929967,0.024537677103163277,0.08132869050311214,1.3618118601989397,18.299461351184874,0.17235378683407263,-16.86392468766177,1.0
100.00000000000001,0.98,-3.5414225323594177,0.024378485549580133,0.08105311167585291,1.360223900924607,18.2992110912761,0.17106482288433478,-16.87950194865037,1.0
100.00000000000001,0.97,-3.545369357911779,0.024218718768499466,0.08077556745470628,1.3586172147605013,18.298960450755406,0.1697721391685448,-16.895067119972254,1.0
100.00000000000001,0.96,-3.5493141372667334,0.02405836948324389,0.08049602667661633,1.3569914350185457,18.29870943293384,0.16847569154089465,-16.910620017523833,1.0
100.00000000000001,0.95,-3.5532568859359306,0.02389743023870478,0.08021445729707923,1.355346183611837,18.298458041140744,0.16717543469500196,-16.926160453969338,1.0
100.00000000000001,0.94,-3.5571976194251307,0.023735893395276327,0.07993082635553904,1.3536810705699263,18.29820627872312,0.16587132212559558,-16.94168823864525,1.0
100.00000000000001,0.93,-3.561136353233421,0.023573751122521153,0.07964509993904804,1.3519956935282087,18.297954149046884,0.1645633060948347,-16.95720317745932,1.0
100.00000000000001,0.92,-3.565073102852844,0.02341099539254974,0.07935724314409721,1.3502896371897797,18.297701655494055,0.16325133758366403,-16.972705072787846,1.0
100.00000000000001,0.91,-3.5690078837671884,0.023247617973100262,0.07906722003650077,1.3485624727576588,18.297448801464384,0.16193536625514093,-16.988193723365875,1.0
100.00000000000001,0.9,-3.5729407114519565,0.02308361042029687,0.07877499360922612,1.346813757335919,18.297195590374784,0.16061534040636521,-17.003668924174974,1.0
100.00000000000001,0.89,-3.5768716013729347,0.022918964071073796,0.0784805257380075,1.3450430332969507,18.29694202565786,0.15929120692252785,-17.019130466323393,1.0
100.00000000000001,0.88,-3.5808005689857834,0.02275367003524505,0.07818377713464177,1.3432498276132951,18.296688110762418,0.15796291122738892,-17.03457813692275,1.0
100.00000000000001,0.87,-3.584727629735411,0.022587719187189853,0.07788470729778545,1.341433651151116,18.296433849153388,0.1566303972359417,-17.050011718956963,1.0
100.00000000000001,0.86,-3.5886527990556285,0.022421102157146062,0.07758327446110826,1.3395939979229805,18.29617924431103,0.1552936072965343,-17.065430991147913,1.0
100.00000000000001,0.85,-3.5925760923669148,0.022253809322075466,0.07727943553861107,1.3377303442963346,18.295924299730377,0.15395248213894913,-17.080835727811277,1.0
100.00000000000001,0.84,-3.596497525077246,0.022085830796078645,0.07697314606693832,1.335842148155992,18.295669018921174,0.1526069608136346,-17.096225698708658,1.0
100.00000000000001,0.83,-3.600417112581053,0.021917156420337303,0.07666436014447585,1.3339288480159592,18.295413405407682,0.15125698063277399,-17.111600668890155,1.0
100.00000000000001,0.82,-3.604334870257529,0.0217477757525443,0.0763530303669924,1.3319898620771713,18.29515746272767,0.14990247710406165,-17.126960398531104,1.0
100.00000000000001,0.81,-3.6082508134713067,0.021577678055796686,0.07603910775961711,1.3300245872280902,18.29490119443348,0.14854338386861118,-17.14230464275849,1.0
100.00000000000001,0.8,-3.612164957570119,0.021406852286915978,0.0757225417048755,1.3280323979823745,18.294644604089697,0.14717963262551942,-17.15763315147106,1.0
100.00000000000001,0.79,-3.616077317885445,0.021235287084156815,0.07540327986651246,1.326012645350523,18.2943876952737,0.14581115305951395,-17.172945669149176,1.0
100.00000000000001,0.78,-3.619987909730936,0.021062970754265924,0.07508126810878954,1.3239646556390257,18.294130471576523,0.14443787276801073,-17.188241934654155,1.0
100.00000000000001,0.77,-3.623896748401861,0.02088989125884649,0.07475645041093816,1.3218877291722724,18.293872936600103,0.14305971717468485,-17.203521681018326,1.0
100.00000000000001,0.76,-3.6278038491739624,0.020716036199984942,0.07442876877639326,1.3197811389307876,18.29361509395912,0.14167660944758864,-17.21878463522402,1.0
100.00000000000001,0.75,-3.631709227303804,0.020541392805084494,0.07409816313645202,1.3176441290996235,18.2933569472785,0.14028847040650255,-17.234030517969753,1.0
100.00000000000001,0.74,-3.635612898026343,0.02036594791085698,0.07376457124787193,1.3154759135185619,18.29309850019488,0.13889521843109237,-17.249259043425155,1.0
100.00000000000001,0.73,-3.6395148765558307,0.0201896879464103,0.07342792858402589,1.313275674027801,18.292839756356305,0.13749676936302047,-17.26446991897067,1.0
100.00000000000001,0.72,-3.6434151780835196,0.020012598915368544,0.07308816821902071,1.3110425586985874,18.292580719419114,0.13609303639353915,-17.27966284492546,1.0
100.00000000000001,0.71,-3.647313817778167,0.01983466637695732,0.07274522070430978,1.3087756799409396,18.292321393051168,0.1346839299625665,-17.294837514256756,1.0
100.00000000000001,0.7,-3.651210810783888,0.019655875425975848,0.07239901393711451,1.3064741124763382,18.292061780928925,0.1332693576346541,-17.309993612275875,1.0
100.00000000000001,0.69,-3.655106172220748,0.019476210671581274,0.07204947302006838,1.3041368911653637,18.29180188673832,0.13184922397934482,-17.325130816314232,1.0
100.00000000000001,0.68,-3.6589999171830803,0.019295656214782957,0.0716965201112954,1.301763008676058,18.29154171417406,0.13042343043915908,-17.340248795381996,1.0
100.00000000000001,0.67,-3.662892060738781,0.019114195624567884,0.07134007426415173,1.2993514129798376,18.291281266938345,0.12899187519048433,-17.35534720980543,1.0
100.00000000000001,0.66,-3.666782617929024,0.018931811912537767,0.07098005125575536,1.2969010046592298,18.29102054874264,0.1275544530014089,-17.37042571084273,1.0
100.00000000000001,0.65,-3.670671603766823,0.018748487505945675,0.07061636340331084,1.2944106340097081,18.290759563304835,0.1261110550711333,-17.38548394027696,1.0
100.00000000000001,0.64,-3.6745590332365703,0.018564204219011296,0.07024891936719356,1.2918790979171437,18.29049831435025,0.12466156886799087,-17.40052152998315,1.0
100.00000000000001,0.63,-3.6784449212929142,0.018378943222369774,0.06987762393957667,1.2893051364891004,18.290236805611254,0.12320587795666413,-17.415538101467472,1.0
100.00000000000001,0.62,-3.682329282860535,0.018192685010512112,0.06950237781733434,1.2866874294169792,18.28997504082646,0.12174386180867533,-17.430533265378674,1.0
100.00000000000001,0.61,-3.6862121328330644,0.01800540936703655,0.06912307735774063,1.2840245920419568,18.28971302373992,0.12027539560574775,-17.445506620986233,1.0
100.00000000000001,0.6,-3.6900934860717083,0.017817095327545406,0.06873961431536273,1.281315171095769,18.289450758101964,0.11880035003025906,-17.460457755625203,1.0
100.00000000000001,0.59,-3.6939733574050466,0.017627721139972664,0.06835187555838594,1.2785576400838667,18.289188247667926,0.11731859104018282,-17.475386244102502,1.0
100.00000000000001,0.58,-3.697851761628638,0.017437264222131522,0.06795974276236694,1.2757503942738235,18.288925496197606,0.11582997962769787,-17.490291648064073,1.0
100.00000000000001,0.57,-3.701728713502773,0.01724570111622548,0.06756309207916994,1.272891745247364,18.28866250745562,0.11433437156546677,-17.5051735153173,1.0
100.00000000000001,0.56,-3.7056042277535033,0.017053007440066603,0.06716179377866018,1.2699799149711983,18.288399285210247,0.11283161712975649,-17.520031379106115,1.0
100.00000000000001,0.55,-3.7094783190699347,0.01685915783469009,0.0667557118603199,1.267013029332464,18.288135833233564,0.11132156080928733,-17.53486475733354,1.0
100.00000000000001,0.54,-3.7133510021052896,0.016664125908035503,0.06634470363172969,1.2639891110821881,18.28787215530079,0.10980404098738217,-17.5496731517285,1.0
100.00000000000001,0.53,-3.717222291473863,0.01646788417433532,0.06592861925033582,1.260906072117901,18.28760825519005,0.10827888960602415,-17.564456046949296,1.0
100.00000000000001,0.52,-3.7210922017529815,0.01627040398877781,0.06550730122465291,1.2577617050326737,18.287344136681792,0.10674593180150527,-17.57921290961948,1.0
100.00000000000001,0.51,-3.724960747479411,0.01607165547701552,0.06508058387033346,1.254553673841827,18.287079803559138,0.10520498551289355,-17.59394318729071,1.0
100.00000000000001,0.5,-3.728827943150695,0.01587160745898078,0.06464829271617975,1.251279503792959,18.286815259605962,0.1036558610577118,-17.608646307321894,1.0
100.00000000000001,0.49,-3.73269380322217,0.015670227366448988,0.06421024385425392,1.247936570145044,18.286550508607988,0.10209836067936026,-17.623321675669526,1.0
100.00000000000001,0.48,-3.7365583421088817,0.015467481153703616,0.06376624322771056,1.2445220857921904,18.286285554351913,0.1005322780513361,-17.63796867557912,1.0
100.00000000000001,0.47,-3.740421574182129,0.01526333320058637,0.06331608584880057,1.2410330875826265,18.286020400624718,0.09895739774391595,-17.65258666616659,1.0
100.00000000000001,0.46,-3.744283513770085,0.015057746207100323,0.06285955493869204,1.2374664211677082,18.285755051213933,0.0973734946456659,-17.667174980878762,1.0
100.00000000000001,0.45,-3.7481441751568076,0.014850681078671196,0.06239642097932553,1.2338187241850656,18.285489509906785,0.09578033333122085,-17.681732925820622,1.0
100.00000000000001,0.44,-3.7520035725803025,0.014642096801013527,0.06192644066614447,1.2300864075516673,18.285223780489552,0.0941776673767943,-17.69625977793166,1.0
100.00000000000001,0.43,-3.755861720233246,0.014431950303419584,0.06144935574886888,1.2262656346068808,18.284957866748222,0.09256523861255203,-17.71075478299798,1.0
100.00000000000001,0.42,-3.7597186322613734,0.014220196309144593,0.060964891745392075,1.2223522978006502,18.28469177246716,0.090942776305211,-17.72521715347694,1.0
100.00000000000001,0.41,-3.7635743227618703,0.014006787171345281,0.06047275651155929,1.2183419925722527,18.2844255014294,0.08930999626020132,-17.739646066117654,1.0
100.00000000000001,0.4,-3.7674288057844074,0.013791672692836198,0.059972638646717265,1.214229988004301,18.28415905741604,0.08766659984200317,-17.754040659344533,1.0
100.00000000000001,0.39,-3.7712820953268635,0.013574799927660159,0.05946420571159228,1.2100111937594802,18.283892444205687,0.08601227289111207,-17.768400030382082,1.0
100.00000000000001,0.38,-3.775134205486794,0.013356112883730224,0.058947101803949874,1.2056801166615843,18.283625665206248,0.08434668289268885,-17.78272324738238,1.0
100.00000000000001,0.37,-3.7789851498729132,0.013135552586924724,0.05842094697432801,1.2012308418851572,18.28335872489516,0.08266948405672706,-17.79700928610493,1.0
100.00000000000001,0.36,-3.782834942469845,0.012913056364100598,0.05788533226837471,1.1966569504928726,18.28309162670317,0.08098030648900911,-17.811257113838554,1.0
100.00000000000001,0.35,-3.7866835970675057,0.012688557837745843,0.05733981844293725,1.1919514867952674,18.282824374396455,0.07927876067592161,-17.825465627734264,1.0
100.00000000000001,0.34,-3.7905311274019904,0.01246198652243698,0.05678393233282779,1.1871068900301338,18.28255697173791,0.07756443418318469,-17.839633664052318,1.0
100.00000000000001,0.33,-3.794377547152793,0.012233267454223663,0.05621716315246634,1.1821149220845073,18.282289422485682,0.07583688963577512,-17.853759992782617,1.0
100.00000000000001,0.32,-3.798222869942317,0.01200232077563885,0.05563895826882555,1.1769665840933283,18.28202173039424,0.0740956624538736,-17.867843311613967,1.0
100.00000000000001,0.31,-3.8020671093345277,0.011769061269678721,0.055048718350951216,1.1716520197938307,18.281753899213573,0.0723402583078323,-17.88188223914558,1.0
100.00000000000001,0.3,-3.8059102788337063,0.011533397834894555,0.05444579178079211,1.1661604030291735,18.28148593268913,0.07057015023823543,-17.895875307225452,1.0
100.00000000000001,0.29,-3.8097523918821232,0.011295232892289184,0.05382946818410414,1.1604798061753046,18.28121783456112,0.06878477539495619,-17.909820952263736,1.0
100.00000000000001,0.28,-3.8135934618592815,0.011054461712934255,0.05319897090734661,1.1545970454731835,18.280949608565344,0.06698353133305501,-17.923717505344303,1.0
100.00000000000001,0.27,-3.817433502079217,0.0108109716530701,0.05255344822447568,1.148497498223152,18.280681258433194,0.06516577176835418,-17.937563180926393,1.0
100.00000000000001,0.26,-3.821272525788835,0.010564641280801026,0.051891963003474796,1.142164885467097,18.280412787890235,0.06333080170917867,-17.95135606386593,1.0
100.00000000000001,0.25,-3.82511054616517,0.010315339375240198,0.05121348049219946,1.1355810120309837,18.280144200658327,0.061477871839270955,-17.965094094440587,1.0
100.00000000000001,0.24,-3.8289475763121272,0.010062923774935168,0.05051685379099048,1.1287254534770175,18.279875500454345,0.05960617199950798,-17.97877505097246,1.0
100.00000000000001,0.23,-3.8327836292575532,0.009807240047417403,0.04980080645753531,1.1215751763986406,18.27960669099093,0.05771482358188132,-17.992396529552224,1.0
100.00000000000001,0.22,-3.8366187179482267,0.009548119945527919,0.049063911526068156,1.1141040742649755,18.279337775977353,0.055802870600584975,-18.005955920230658,1.0
100.00000000000001,0.21,-3.8404528552451653,0.009285379608458424,0.048304566001847064,1.106282395222991,18.279068759119266,0.05386926913937181,-18.01945037887144,1.0
100.00000000000001,0.2,-3.8442860539165222,0.009018817455871212,0.04752095958832119,1.0980760301974795,18.278799644121204,0.05191287478189354,-18.032876793637413,1.0
100.00000000000001,0.19,-3.8481183266290855,0.008748211711574971,0.04671103598249337,1.0894456182488172,18.278530434685855,0.04993242752787433,-18.046231744754724,1.0
100.00000000000001,0.18,-3.8519496859373654,0.008473317478634702,0.0458724444782609,1.0803454098364245,18.278261134516974,0.04792653352569784,-18.059511455792393,1.0
100.00000000000001,0.17,-3.8557801442684787,0.008193863270125008,0.04500247876272175,1.0707218048526275,18.277991747321675,0.045893642746465,-18.072711734082812,1.0
100.00000000000001,0.16,-3.8596097139015946,0.007909546879067763,0.0440979985413396,1.0605114469527712,18.277722276812923,0.04383202137873276,-18.085827897092447,1.0
100.00000000000001,0.15,-3.8634384069408245,0.007620030448454135,0.04315532776560543,1.049638702083992,18.277452726712877,0.041739717322234506,-18.09885468032061,1.0
100.00000000000001,0.14,-3.867266235274057,0.007324934581181252,0.04217012039780217,1.0380122658224167,18.277183100760737,0.039614516448599056,-18.111786120560218,1.0
100.00000000000001,0.13,-3.871093210515727,0.007023831319469612,0.041137180209529896,1.025520511326144,18.276913402717515,0.03745388632506232,-18.124615405669022,1.0
100.00000000000001,0.12,-3.874919343917854,0.006716235846512451,0.04005021397448714,1.0120249716000222,18.276643636379553,0.0352549025710296,-18.137334677910324,1.0
100.00000000000001,0.11,-3.8787446462352344,0.006401596873764748,0.03890148556577354,0.997350979294555,18.276373805593384,0.0330141505628814,-18.149934771394904,1.0
100.00000000000001,0.1,-3.882569127506826,0.006079286005307144,0.03768131804805987,0.9812738331126215,18.276103914280032,0.030727591229216443,-18.162404853457126,1.0
101.00000000000001,3.0,-2.6836565895419424,0.049792056363095825,0.11664060599465538,1.5034864822580374,18.340000788541715,0.3865845143255833,-13.631674641268603,1.0
101.00000000000001,2.99,-2.688302734775529,0.04969113734048465,0.11653219530696347,1.5031792990435893,18.339853586605592,0.38571638227812977,-13.647925120886041,1.0
101.00000000000001,2.98,-2.6929441468404356,0.049590037622938926,0.11642339283208013,1.5028701553916926,18.339705939860142,0.3848467081751191,-13.664175643092785,1.0
101.00000000000001,2.97,-2.697580835067356,0.04948875666944967,0.11631419635321215,1.5025590314237731,18.339557845116804,0.38397548785944247,-13.680426207369806,1.0
101.00000000000001,2.96,-2.7022128088323085,0.04938729393717108,0.11620460364416776,1.5022459071722225,18.339409299239854,0.3831027171967776,-13.696676812392068,1.0
101.00000000000001,2.95,-2.7068400775919836,0.04928564888058189,0.11609461246654204,1.5019307625578044,18.33926029913681,0.38222839206221315,-13.71292745640367,1.0
101.00000000000001,2.94,-2.711462650881073,0.04918382095142857,0.11598422056953314,1.5016135773873323,18.339110841758057,0.3813525083354139,-13.729178137220932,1.0
101.00000000000001,2.93,-2.716080538310516,0.0490818095986672,0.1158734256897649,1.5012943313515026,18.338960924095588,0.38047506190094155,-13.745428852231933,1.0
101.00000000000001,2.92,-2.7206937495672068,0.04897961426840753,0.11576222555112169,1.500973004023026,18.338810543184863,0.3795960486515465,-13.761679598395988,1.0
101.00000000000001,2.91,-2.7253022944119336,0.04887723440385308,0.11565061786456085,1.5006495748543358,18.338659696102187,0.37871546448238014,-13.77793037224507,1.0
101.00000000000001,2.9,-2.7299061826781847,0.04877466944524304,0.11553860032793382,1.500324023175445,18.338508379966328,0.3778333052960584,-13.794181169882881,1.0
101.00000000000001,2.89,-2.7345054242716924,0.04867191882979199,0.11542617062580698,1.4999963281919486,18.338356591936957,0.3769495669976153,-13.810431986985558,1.0
101.00000000000001,2.88,-2.7391000291674095,0.0485689819916285,0.11531332642926428,1.4996664689824013,18.33820432921591,0.3760642454983344,-13.826682818802258,1.0
101.00000000000001,2.87,-2.7436900074106543,0.04846585836173498,0.11520006539573195,1.499334424496593,18.3380515890451,0.3751773367121345,-13.84293366015372,1.0
101.00000000000001,2.86,-2.7482753691138533,0.048362547367883514,0.11508638516877154,1.4990001735528293,18.33789836870823,0.3742888365583584,-13.859184505433547,1.0
101.00000000000001,2.85,-2.752856124456968,0.04825904843457749,0.11497228337790155,1.4986636948359613,18.33774466552873,0.3733987409581895,-13.87543534860719,1.0
101.00000000000001,2.84,-2.757432283685123,0.04815536098297949,0.1148577576383791,1.4983249668947654,18.337590476871213,0.37250704583682254,-13.891686183213341,1.0
101.00000000000001,2.83,-2.7620038571082577,0.04805148443085479,0.11474280555101814,1.4979839681397578,18.33743580014019,0.37161374712257644,-13.907937002361939,1.0
101.00000000000001,2.82,-2.766570855099658,0.04794741819250112,0.11462742470197192,1.4976406768406856,18.33728063278013,0.3707188407455645,-13.924187798735467,1.0
101.00000000000001,2.81,-2.7711332880954767,0.047843161678684396,0.11451161266253358,1.497295071124235,18.33712497227551,0.3698223226384273,-13.940438564587875,1.0
101.00000000000001,2.8,-2.7756911665928814,0.04773871429656863,0.11439536698892258,1.4969471289713454,18.336968816150332,0.36892418873516175,-13.956689291745157,1.0
101.00000000000001,2.79,-2.7802445011500825,0.04763407544965141,0.11427868522207213,1.4965968282149609,18.336812161968265,0.36802443497250203,-13.97293997160372,1.0
101.00000000000001,2.78,-2.784793302384192,0.047529244537690495,0.11416156488740757,1.4962441465371996,18.33665500733131,0.36712305728593564,-13.989190595131443,1.0
101.00000000000001,2.77,-2.789337580970984,0.04742422095663722,0.11404400349463313,1.4958890614669484,18.336497349882034,0.36622005161393134,-14.005441152867117,1.0
101.00000000000001,2.76,-2.7938773476440697,0.047319004098562406,0.11392599853750303,1.495531550377253,18.33633918730082,0.36531541389578837,-14.021691634918144,1.0
101.00000000000001,2.75,-2.798412613193551,0.04721359335158622,0.11380754749359254,1.4951715904825582,18.336180517307543,0.36440914006922404,-14.037942030963308,1.0
101.00000000000001,2.74,-2.8029433884649526,0.04710798809980391,0.11368864782406893,1.4948091588359855,18.336021337659382,0.36350122607034363,-14.05419233025007,1.0
101.00000000000001,2.73,-2.8074696843594227,0.0470021877232114,0.11356929697345804,1.4944442323267986,18.335861646153198,0.36259166783772323,-14.070442521593849,1.0
101.00000000000001,2.72,-2.811991511831407,0.04689619159762947,0.11344949236939784,1.4940767876773018,18.335701440623435,0.3616804613077633,-14.086692593378476,1.0
101.00000000000001,2.71,-2.8165088818890798,0.04678999909462843,0.11332923142240321,1.4937068014402994,18.335540718942326,0.36076760241324124,-14.102942533555497,1.0
101.00000000000001,2.7,-2.8210218055931087,0.046683609581450194,0.11320851152561766,1.493334249996112,18.33537947902097,0.3598530870873379,-14.11919232964317,1.0
101.00000000000001,2.69,-2.825530294054961,0.046577022420927046,0.1130873300545515,1.492959109549454,18.335217718807062,0.3589369112604292,-14.13544196872521,1.0
101.00000000000001,2.68,-2.830034358437863,0.046470236971405364,0.11296568436684146,1.4925813561268675,18.33505543628673,0.3580190708599631,-14.15169143745098,1.0
101.00000000000001,2.67,-2.8345340099545213,0.04636325258666225,0.1128435718019765,1.4922009655733441,18.334892629483175,0.3570995618090349,-14.167940722035057,1.0
101.00000000000001,2.66,-2.8390292598673126,0.046256068615822606,0.11272098968104656,1.4918179135494933,18.334729296456747,0.3561783800286835,-14.184189808254212,1.0
101.00000000000001,2.65,-2.8435201194870983,0.0461486844032769,0.11259793530646006,1.4914321755282862,18.334565435305016,0.3552555214347096,-14.200438681449175,1.0
101.00000000000001,2.64,-2.8480066001725675,0.04604109928859538,0.11247440596167878,1.491043726791937,18.334401044162743,0.35433098193831747,-14.216687326522372,1.0
101.00000000000001,2.63,-2.852488713329658,0.04593331260644052,0.11235039891093374,1.4906525424286803,18.334236121201496,0.35340475744662747,-14.23293572793679,1.0
101.00000000000001,2.62,-2.8569664704112654,0.045825323686482684,0.11222591139895118,1.4902585973295877,18.334070664629866,0.3524768438613757,-14.249183869715194,1.0
101.00000000000001,2.61,-2.8614398829159207,0.04571713185330655,0.1121009406506489,1.4898618661850893,18.333904672692164,0.3515472370758993,-14.265431735439801,1.0
101.00000000000001,2.6,-2.8659089623871306,0.04560873642632464,0.11197548387085146,1.4894623234815814,18.333738143670047,0.3506159329798834,-14.281679308249977,1.0
101.00000000000001,2.59,-2.870373720413646,0.045500136719682505,0.11184953824399205,1.489059943498173,18.333571075880762,0.34968292745334906,-14.297926570842108,1.0
101.00000000000001,2.58,-2.874834168627813,0.04539133204216669,0.11172310093380307,1.4886547003029575,18.333403467678803,0.34874821637143427,-14.314173505467823,1.0
101.00000000000001,2.57,-2.8792903187058734,0.04528232169711088,0.111596169083008,1.4882465677496313,18.333235317453774,0.347811795598472,-14.330420093933116,1.0
101.00000000000001,2.56,-2.883742182366639,0.04517310498229567,0.11146873981300391,1.4878355194737076,18.333066623631908,0.3468736609918426,-14.346666317596958,1.0
101.00000000000001,2.55,-2.888189771371565,0.0450636811898547,0.11134081022354399,1.4874215288889563,18.332897384674983,0.34593380839997195,-14.362912157369248,1.0
101.00000000000001,2.54,-2.89263309752369,0.044954049606172414,0.11121237739240294,1.4870045691835339,18.33272759908065,0.34499223365961873,-14.379157593711279,1.0
101.00000000000001,2.53,-2.8970721726673774,0.044844209511784555,0.1110834383750461,1.4865846133162084,18.33255726538221,0.34404893259837277,-14.395402606632686,1.0
101.00000000000001,2.52,-2.9015070086880006,0.04473416018127311,0.11095399020429414,1.4861616340125248,18.33238638214829,0.3431039010334451,-14.411647175689652,1.0
101.00000000000001,2.51,-2.9059376175109555,0.044623900883162294,0.11082402988996562,1.4857356037606972,18.33221494798368,0.3421571347697944,-14.42789127998572,1.0
101.00000000000001,2.5,-2.910364011101599,0.044513430879814686,0.11069355441853332,1.485306494807695,18.332042961527634,0.3412086295994812,-14.44413489816805,1.0
101.00000000000001,2.49,-2.9147862014645525,0.04440274942731752,0.110562560752758,1.4848742791550589,18.331870421455175,0.34025838130262465,-14.460378008426575,1.0
101.00000000000001,2.48,-2.9192042006433,0.044291855775378995,0.11043104583132456,1.484438928554732,18.33169732647651,0.3393063856462031,-14.476620588492358,1.0
101.00000000000001,2.47,-2.923618020719704,0.04418074916721102,0.1102990065684658,1.4840004145047654,18.33152367533629,0.33835263838145646,-14.492862615636064,1.0
101.00000000000001,2.46,-2.928027673813801,0.044069428839416745,0.110166439853582,1.4835587082450328,18.331349466815105,0.3373971352471175,-14.50910406666584,1.0
101.00000000000001,2.45,-2.932433172082913,0.04395789402187801,0.11003334255085333,1.4831137807527,18.33117469972742,0.33643987196339065,-14.525344917926171,1.0
101.00000000000001,2.44,-2.9368345277216257,0.04384614393763113,0.1098997114988371,1.4826656027377536,18.33099937292345,0.33548084423786934,-14.541585145295095,1.0
101.00000000000001,2.43,-2.9412317529614587,0.043734177802754196,0.10976554351007098,1.4822141446384571,18.33082348528723,0.3345200477574427,-14.557824724183467,1.0
101.00000000000001,2.42,-2.945624860070069,0.04362199482623868,0.10963083537065539,1.4817593766165265,18.33064703573806,0.333557478194796,-14.574063629531668,1.0
101.00000000000001,2.41,-2.9500138613512954,0.04350959420986834,0.10949558383983572,1.4813012685524731,18.330470023229346,0.3325931312004779,-14.59030183580947,1.0
101.00000000000001,2.4,-2.954398769144636,0.04339697514809425,0.10935978564956998,1.4808397900406471,18.330292446749354,0.33162700240942355,-14.606539317011709,1.0
101.00000000000001,2.39,-2.958779595824391,0.043284136827901644,0.10922343750408801,1.4803749103841746,18.330114305320677,0.33065908743505457,-14.622776046658219,1.0
101.00000000000001,2.38,-2.9631563538006125,0.04317107842868338,0.1090865360794562,1.479906598590156,18.32993559799984,0.32968938186837826,-14.639011997791002,1.0
101.00000000000001,2.37,-2.967529055516818,0.043057799122103745,0.10894907802310311,1.4794348233640513,18.329756323877756,0.32871788128107216,-14.655247142971401,1.0
101.00000000000001,2.36,-2.971897713452021,0.04294429807196551,0.10881105995337402,1.4789595531049393,18.329576482079837,0.32774458122188954,-14.671481454278366,1.0
101.00000000000001,2.35,-2.9762623401184403,0.042830574434069124,0.10867247845903899,1.478480755899651,18.329396071765157,0.32676947721494787,-14.687714903306846,1.0
101.00000000000001,2.34,-2.980622948062223,0.042716627356072664,0.10853333009881952,1.4779983995175403,18.32921509212745,0.32579256476151,-14.703947461164486,1.0
101.00000000000001,2.33,-2.9849795498626355,0.04260245597735033,0.10839361140088283,1.4775124514047109,18.32903354239354,0.32481383933709584,-14.720179098469169,1.0
101.00000000000001,2.32,-2.989332158132021,0.04248805942884399,0.10825331886234317,1.4770228786783655,18.328851421824968,0.323833296390845,-14.736409785347915,1.0
101.00000000000001,2.31,-2.9936807855157266,0.04237343683291703,0.10811244894874522,1.476529648121002,18.328668729716227,0.3228509313446507,-14.75263949143238,1.0
101.00000000000001,2.3,-2.9980254446919745,0.04225858730320135,0.10797099809354056,1.4760327261744732,18.328485465396724,0.3218667395942136,-14.768868185857457,1.0
101.00000000000001,2.29,-3.002366148370075,0.042143509944443436,0.10782896269753112,1.4755320789335216,18.328301628228772,0.3208807165043532,-14.785095837259334,1.0
101.00000000000001,2.28,-3.006702909292323,0.04202820385234928,0.1076863391283417,1.4750276721400668,18.328117217608895,0.31989285741122,-14.801322413771103,1.0
101.00000000000001,2.27,-3.011035740232566,0.041912668113420634,0.10754312371984576,1.474519471176553,18.32793223296639,0.31890315761838994,-14.817547883021266,1.0
101.00000000000001,2.26,-3.0153646539959067,0.04179690180479549,0.10739931277159519,1.474007441059458,18.327746673764864,0.31791161239862664,-14.833772212130546,1.0
101.00000000000001,2.25,-3.0196896634188533,0.04168090399408117,0.10725490254822904,1.4734915464327227,18.327560539501178,0.316918216991123,-14.849995367709074,1.0
101.00000000000001,2.24,-3.0240107813690202,0.041564673739184106,0.10710988927888034,1.4729717515609677,18.327373829705472,0.3159229666005311,-14.866217315853381,1.0
101.00000000000001,2.23,-3.028328020744731,0.041448210088136775,0.10696426915655688,1.4724480203224977,18.327186543941934,0.3149258563971181,-14.882438022143711,1.0
101.00000000000001,2.22,-3.0326413944749353,0.041331512078924826,0.10681803833752375,1.4719203162022896,18.326998681807414,0.313926881513818,-14.898657451640403,1.0
101.00000000000001,2.21,-3.036950915519151,0.04121457873930586,0.10667119294065516,1.4713886022847393,18.32681024293203,0.3129260370451814,-14.91487556888132,1.0
101.00000000000001,2.2,-3.0412565968668015,0.04109740908662615,0.10652372904678395,1.4708528412461834,18.326621226979842,0.3119233180483044,-14.931092337878688,1.0
101.00000000000001,2.19,-3.0455584515375103,0.04098000212763616,0.10637564269803249,1.4703129953474412,18.326431633647264,0.31091871953832834,-14.947307722115406,1.0
101.00000000000001,2.18,-3.049856492580762,0.0408623568582988,0.10622692989712756,1.4697690264260297,18.3262414626647,0.30991223649094835,-14.963521684541995,1.0
101.00000000000001,2.17,-3.0541507330751667,0.04074447226359715,0.10607758660669996,1.4692208958881294,18.32605071379507,0.30890386383858237,-14.979734187572982,1.0
101.00000000000001,2.16,-3.058441186129956,0.040626347317339294,0.10592760874858008,1.4686685647009068,18.325859386834434,0.307893596466537,-14.995945193084708,1.0
101.00000000000001,2.15,-3.0627278648820453,0.04050798098195024,0.10577699220304344,1.468111993383531,18.325667481612196,0.3068814292196328,-15.012154662409522,1.0
101.00000000000001,2.14,-3.067010782498607,0.04038937220827457,0.10562573280808707,1.4675511419994134,18.32547499799069,0.3058673568934321,-15.028362556333947,1.0
101.00000000000001,2.13,-3.071289952175434,0.04027051993536109,0.10547382635864912,1.466985970147152,18.325281935864655,0.30485137423358677,-15.044568835095,1.0
101.00000000000001,2.12,-3.0755653871369826,0.04015142309025337,0.10532126860582948,1.4664164369517296,18.32508829516247,0.3038334759392109,-15.060773458375223,1.0
101.00000000000001,2.11,-3.079837100636292,0.040032080587768214,0.10516805525608808,1.4658425010554397,18.324894075844906,0.3028136566561768,-15.076976385300364,1.0
101.00000000000001,2.1,-3.0841051059550586,0.03991249133027656,0.10501418197042584,1.4652641206086903,18.324699277905797,0.301791910978387,-15.093177574434323,1.0
101.00000000000001,2.09,-3.0883694164032898,0.03979265420747436,0.10485964436354492,1.4646812532603923,18.324503901371678,0.30076823344490694,-15.109376983776038,1.0
101.00000000000001,2.08,-3.0926300453189346,0.03967256809615161,0.10470443800298854,1.4640938561482209,18.324307946302017,0.2997426185407641,-15.125574570754194,1.0
101.00000000000001,2.07,-3.096887006067992,0.03955223185995811,0.10454855840825829,1.4635018858886661,18.324111412788568,0.29871506069088216,-15.14177029222512,1.0
101.00000000000001,2.06,-3.101140312044371,0.039431644349158634,0.10439200104992213,1.4629052985668465,18.323914300955824,0.29768555426259324,-15.157964104466428,1.0
101.00000000000001,2.05,-3.1053899766697954,0.039310804400390524,0.10423476134868474,1.4623040497260487,18.3237166109613,0.2966540935620391,-15.174155963174439,1.0
101.00000000000001,2.04,-3.1096360133937164,0.03918971083641096,0.10407683467444905,1.461698094357043,18.32351834299531,0.2956206728342319,-15.190345823458248,1.0
101.00000000000001,2.03,-3.1138784356927203,0.039068362465839515,0.10391821634534228,1.4610873868869618,18.323319497279634,0.2945852862573489,-15.206533639836541,1.0
101.00000000000001,2.02,-3.1181172570709186,0.03894675808289843,0.1037589016267315,1.4604718811682196,18.323120074069585,0.29354792794438367,-15.222719366232884,1.0
101.00000000000001,2.01,-3.122352491059448,0.03882489646714421,0.10359888573021028,1.459851530466869,18.322920073652746,0.29250859194122614,-15.238902955970085,1.0
101.00000000000001,2.0,-3.1265841512168278,0.03870277638319311,0.10343816381255257,1.4592262874509077,18.322719496348753,0.29146727222245866,-15.25508436176643,1.0
101.00000000000001,1.99,-3.1308122511285728,0.038580396580447776,0.10327673097465652,1.4585961041781237,18.3225183425099,0.2904239626911937,-15.271263535730236,1.0
101.00000000000001,1.98,-3.1350368044064076,0.03845775579280544,0.10311458226044473,1.4579609320834914,18.322316612521078,0.28937865717759537,-15.287440429355447,1.0
101.00000000000001,1.97,-3.1392578246894907,0.03833485273837227,0.10295171265575523,1.4573207219667965,18.32211430679934,0.288331349434107,-15.303614993516561,1.0
101.00000000000001,1.96,-3.1434753256431054,0.038211686119163424,0.10278811708718667,1.4566754239792614,18.321911425793832,0.2872820331365576,-15.319787178462583,1.0
101.00000000000001,1.95,-3.147689320959317,0.03808825462080216,0.10262379042093377,1.4560249876103806,18.321707969986047,0.28623070187932753,-15.335956933813,1.0
101.00000000000001,1.94,-3.1518998243559904,0.03796455691220805,0.1024587274615703,1.4553693616739414,18.321503939890082,0.28517734917636395,-15.352124208551455,1.0
101.00000000000001,1.93,-3.156106849577915,0.03784059164527973,0.1022929229508309,1.4547084942942605,18.321299336051613,0.28412196845520415,-15.36828895102069,1.0
101.00000000000001,1.92,-3.1603104103955313,0.03771635745457216,0.10212637156633093,1.4540423328914223,18.32109415904898,0.28306455305705236,-15.384451108917396,1.0
101.00000000000001,1.91,-3.1645105206055173,0.037591852956966786,0.10195906792027666,1.453370824166638,18.32088840949235,0.2820050962342584,-15.40061062928536,1.0
101.00000000000001,1.9,-3.1687071940300298,0.03746707675133109,0.10179100655812953,1.452693914086832,18.320682088023755,0.28094359114570583,-15.416767458511321,1.0
101.00000000000001,1.89,-3.172900444517388,0.037342027418171476,0.101622181957244,1.452011547869208,18.320475195317464,0.27988003085899094,-15.432921542316635,1.0
101.00000000000001,1.88,-3.177090285941251,0.03721670351928664,0.10145258852546572,1.4513236699650625,18.320267732080307,0.27881440834387994,-15.449072825753863,1.0
101.00000000000001,1.87,-3.1812767322007844,0.03709110359739823,0.10128222059969168,1.4506302240433133,18.32005969905008,0.2777467164691012,-15.465221253199298,1.0
101.00000000000001,1.86,-3.1854597972207515,0.03696522617578536,0.1011110724444024,1.449931152973673,18.31985109699682,0.27667694800463605,-15.481366768345424,1.0
101.00000000000001,1.85,-3.189639494951065,0.03683906975790675,0.10093913825014066,1.4492263988091674,18.31964192672235,0.27560509561291624,-15.49750931419708,1.0
101.00000000000001,1.84,-3.193815839366658,0.03671263282701335,0.10076641213196377,1.4485159027682588,18.31943218906072,0.27453115185096244,-15.513648833063105,1.0
101.00000000000001,1.83,-3.1979888444673965,0.03658591384575188,0.1005928881278446,1.447799605216533,18.319221884876978,0.27345510916531357,-15.529785266549265,1.0
101.00000000000001,1.82,-3.2021585242784405,0.03645891125576229,0.10041856019704186,1.4470774456479314,18.319011015068575,0.2723769598889703,-15.545918555553007,1.0
101.00000000000001,1.81,-3.2063248928493198,0.03633162347726431,0.10024342221841216,1.4463493626652004,18.318799580564264,0.2712966962391319,-15.562048640255087,1.0
101.00000000000001,1.8,-3.2104879642540824,0.03620404890863049,0.10006746798868668,1.4456152939600226,18.31858758232457,0.27021431031419485,-15.57817546011285,1.0
101.00000000000001,1.79,-3.214647752591727,0.03607618592595742,0.09989069122070449,1.444875176292681,18.318375021341325,0.26912979408945337,-15.594298953852894,1.0
101.00000000000001,1.78,-3.218804271985073,0.03594803288261775,0.09971308554158233,1.4441289454707495,18.318161898637864,0.2680431394159286,-15.61041905946313,1.0
101.00000000000001,1.77,-3.2229575365815206,0.03581958810881084,0.09953464449085428,1.4433765363276645,18.317948215269325,0.26695433801610524,-15.62653571418552,1.0
101.00000000000001,1.76,-3.227107560552455,0.03569084991109477,0.09935536151854593,1.4426178827003289,18.317733972321985,0.26586338147881594,-15.642648854508929,1.0
101.00000000000001,1.75,-3.2312543580928117,0.03556181657191114,0.09917522998319611,1.4418529174061214,18.31751917091349,0.26477026125989483,-15.658758416159174,1.0
101.00000000000001,1.74,-3.2353979434222317,0.03543248634909798,0.09899424314984358,1.4410815722196508,18.317303812192815,0.263674968674314,-15.674864334092774,1.0
101.00000000000001,1.73,-3.239538330782875,0.035302857475392045,0.09881239418792072,1.4403037778479728,18.317087897339754,0.26257749489518584,-15.690966542487395,1.0
101.00000000000001,1.72,-3.2436755344411394,0.03517292815791655,0.0986296761691281,1.439519463906102,18.316871427565648,0.26147783094977367,-15.707064974733532,1.0
101.00000000000001,1.71,-3.2478095686866477,0.03504269657765681,0.09844608206522264,1.4387285588910539,18.316654404113212,0.2603759677157722,-15.723159563426027,1.0
101.00000000000001,1.7,-3.251940447831758,0.03491216088892609,0.09826160474574984,1.4379309901553397,18.31643682825542,0.25927189591548866,-15.739250240354986,1.0
101.00000000000001,1.69,-3.2560681862121004,0.034781319218814936,0.09807623697572158,1.4371266838798487,18.316218701296776,0.2581656061155316,-15.75533693649592,1.0
101.00000000000001,1.68,-3.260192798186354,0.03465016966662788,0.09788997141321266,1.4363155650457813,18.316000024572677,0.2570570887201362,-15.77141958200104,1.0
101.00000000000001,1.67,-3.2643142981355746,0.034518710303306284,0.09770280060689995,1.4354975574055995,18.315780799448692,0.2559463339658235,-15.787498106189794,1.0
101.00000000000001,1.66,-3.2684327004635483,0.0343869391708378,0.09751471699352252,1.4346725834533662,18.315561027321852,0.25483333192148294,-15.803572437538042,1.0
101.00000000000001,1.65,-3.2725480195961456,0.03425485428164957,0.09732571289527406,1.4338405643939347,18.315340709619655,0.2537180724798218,-15.819642503669026,1.0
101.00000000000001,1.64,-3.276660269981468,0.034122453617984626,0.09713578051711302,1.4330014201113694,18.31511984779972,0.25260054535504195,-15.835708231342002,1.0
101.00000000000001,1.63,-3.280769466089616,0.0339897351312669,0.09694491194400653,1.4321550691363398,18.31489844335102,0.2514807400787638,-15.851769546442222,1.0
101.00000000000001,1.62,-3.284875622412434,0.033856696741444973,0.09675309913807517,1.4313014286124592,18.314676497792213,0.2503586459923344,-15.86782637397044,1.0
101.00000000000001,1.61,-3.288978753463184,0.033723336336323746,0.09656033393566343,1.4304404142615796,18.314454012672932,0.24923425224676854,-15.883878638030492,1.0
101.00000000000001,1.6,-3.2930788737766057,0.03358965177087302,0.09636660804432697,1.4295719403480716,18.314230989572213,0.2481075477917301,-15.899926261819541,1.0
101.00000000000001,1.59,-3.2971759979086364,0.03345564086652315,0.09617191303972326,1.4286959196419302,18.314007430100013,0.24697852137572499,-15.915969167615236,1.0
101.00000000000001,1.58,-3.30127014043615,0.033321301410441255,0.09597624036240573,1.4278122633806691,18.31378333589641,0.24584716154051783,-15.932007276763311,1.0
101.00000000000001,1.57,-3.3053613159566364,0.03318663115478587,0.09577958131452548,1.4269208812300065,18.31355870863071,0.24471345661106794,-15.948040509666914,1.0
101.00000000000001,1.56,-3.3094495390881704,0.03305162781594283,0.0955819270564366,1.4260216812433473,18.313333550002483,0.24357739469548895,-15.964068785772268,1.0
101.00000000000001,1.55,-3.3135348244690475,0.03291628907374202,0.09538326860318613,1.4251145698198893,18.313107861741422,0.2424389636771953,-15.980092023556917,1.0
101.00000000000001,1.54,-3.317617186757572,0.03278061257065374,0.0951835968209074,1.4241994516613714,18.3128816456066,0.24129815120846038,-15.996110140516095,1.0
101.00000000000001,1.53,-3.321696640632171,0.03264459591095901,0.09498290242309423,1.4232762297275252,18.31265490338669,0.24015494470594767,-16.01212305314862,1.0
101.00000000000001,1.52,-3.3257732007904304,0.0325082366599016,0.0947811759667592,1.4223448051897345,18.31242763689992,0.2390093313437101,-16.028130676943704,1.0
101.00000000000001,1.51,-3.3298468819494134,0.032371532342816256,0.09457840784847765,1.4214050773835312,18.312199847993504,0.2378612980478097,-16.04413292636542,1.0
101.00000000000001,1.5,-3.3339176988452484,0.03223448044422933,0.09437458830029839,1.4204569437592767,18.31197153854447,0.23671083148973995,-16.06012971483921,1.0
101.00000000000001,1.49,-3.337985666232857,0.03209707840694029,0.09416970738552918,1.4195002998312438,18.311742710458507,0.23555791807795545,-16.076120954736524,1.0
101.00000000000001,1.48,-3.342050798885641,0.03195932363107035,0.09396375499438946,1.418535039124953,18.31151336567086,0.23440254395563662,-16.092106557358136,1.0
101.00000000000001,1.47,-3.3461131115953875,0.03182121347309238,0.09375672083951854,1.4175610531227663,18.31128350614497,0.23324469498875267,-16.108086432919283,1.0
101.00000000000001,1.46,-3.3501726191715155,0.03168274524482663,0.09354859445133792,1.4165782312074524,18.31105313387347,0.23208435676263467,-16.124060490532788,1.0
101.00000000000001,1.45,-3.3542293364417026,0.031543916212411274,0.09333936517327421,1.4155864606041475,18.310822250877997,0.2309215145725972,-16.1400286381928,1.0
101.00000000000001,1.44,-3.3582832782503917,0.03140472359524153,0.09312902215680297,1.414585626319753,18.310590859207387,0.2297561534167834,-16.15599078275602,1.0
101.00000000000001,1.43,-3.3623344594594866,0.03126516456488071,0.09291755435635837,1.413575611080777,18.310358960940754,0.22858825799182422,-16.171946829924956,1.0
101.00000000000001,1.42,-3.3663828949474115,0.031125236243936292,0.09270495052404303,1.4125562952685535,18.310126558183597,0.22741781267831668,-16.187896684229525,1.0
101.00000000000001,1.41,-3.3704285996095393,0.030984935704905903,0.09249119920419081,1.411527556852522,18.309893653070837,0.22624480153954035,-16.203840249007488,1.0
101.00000000000001,1.4,-3.3744715883567196,0.03084425996898765,0.09227628872771858,1.4104892713206232,18.309660247764562,0.22506920830863403,-16.2197774263856,1.0
101.00000000000001,1.39,-3.378511876116217,0.03070320600485411,0.09206020720631367,1.4094413116078144,18.309426344454938,0.22389101638160222,-16.235708117259406,1.0
101.00000000000001,1.38,-3.382549477830457,0.03056177072739322,0.09184294252640059,1.4083835480214077,18.30919194536019,0.22271020881021053,-16.251632221272306,1.0
101.00000000000001,1.37,-3.3865844084571437,0.030419950996406545,0.09162448234291315,1.407315848164067,18.308957052725418,0.22152676828962414,-16.26754963679471,1.0
101.00000000000001,1.36,-3.390616682968394,0.03027774361527174,0.09140481407285139,1.4062380768536766,18.308721668822955,0.22034067714981787,-16.28346026090259,1.0
101.00000000000001,1.35,-3.39464631635129,0.03013514532956206,0.09118392488860759,1.4051500960406476,18.30848579595336,0.2191519173506834,-16.299363989353377,1.0
101.00000000000001,1.34,-3.3986733236066806,0.029992152825622974,0.09096180171106734,1.404051764721645,18.30824943644298,0.2179604704648155,-16.315260716564563,1.0
101.00000000000001,1.33,-3.4026977197490598,0.029848762729107102,0.09073843120245502,1.4029429388503705,18.308012592645895,0.2167663176736006,-16.3311503355886,1.0
101.00000000000001,1.32,-3.4067195198065043,0.029704971603460313,0.09051379975894593,1.401823471244975,18.307775266942286,0.21556943975236853,-16.34703273808895,1.0
101.00000000000001,1.31,-3.410738738819801,0.029560775948360506,0.09028789350298609,1.4006932114917139,18.30753746173935,0.21436981706326647,-16.362907814314116,1.0
101.00000000000001,1.3,-3.414755391842303,0.029416172198109165,0.0900606982753601,1.3995520058451099,18.30729917947022,0.2131674295415687,-16.378775453071658,1.0
101.00000000000001,1.29,-3.4187694939397275,0.029271156719968845,0.08983219962695738,1.3983996971242054,18.30706042259416,0.21196225668550148,-16.394635541700964,1.0
101.00000000000001,1.28,-3.422781060188998,0.029125725812446792,0.08960238281024045,1.3972361246045153,18.306821193596832,0.21075427754479548,-16.41048796604586,1.0
101.00000000000001,1.27,-3.4267901056789687,0.02897987570352595,0.08937123277040429,1.3960611239062555,18.306581494989086,0.20954347070723997,-16.426332610425003,1.0
101.00000000000001,1.26,-3.430796645509066,0.02883360254883273,0.08913873413619954,1.3948745268775262,18.306341329308005,0.20832981428963948,-16.442169357602033,1.0
101.00000000000001,1.25,-3.4348006947889718,0.02868690242974978,0.08890487121041266,1.3936761614731554,18.306100699115554,0.20711328591886324,-16.457998088756785,1.0
101.00000000000001,1.24,-3.438802268638895,0.028539771351460793,0.08866962795999854,1.3924658516287964,18.30585960699908,0.20589386272621124,-16.47381868345008,1.0
101.00000000000001,1.23,-3.442801382188218,0.02839220524093369,0.08843298800582457,1.3912434171294772,18.305618055570726,0.20467152132654,-16.489631019594537,1.0
101.00000000000001,1.22,-3.4467980505757576,0.028244199944832345,0.08819493461203094,1.3900086734731911,18.305376047467515,0.20344623781015014,-16.505434973417746,1.0
101.00000000000001,1.21,-3.4507922889486027,0.02809575122735887,0.0879554506749746,1.3887614317284949,18.30513358535169,0.202217987725551,-16.52123041942934,1.0
101.00000000000001,1.2,-3.45478411246239,0.027946854768020113,0.08771451871175197,1.387501498386552,18.304890671908602,0.20098674606254469,-16.537017230383682,1.0
101.00000000000001,1.19,-3.4587735362804115,0.02779750615931863,0.08747212084826189,1.3862286752066535,18.30464730984857,0.1997524872416494,-16.552795277242,1.0
101.00000000000001,1.18,-3.462760575572783,0.027647700904359036,0.08722823880679925,1.3849427590552315,18.304403501905597,0.19851518509349148,-16.568564429135133,1.0
101.00000000000001,1.17,-3.4667452455170915,0.027497434414374338,0.08698285389316553,1.3836435417383945,18.30415925083761,0.1972748128466706,-16.584324553321164,1.0
101.00000000000001,1.16,-3.4707275612968043,0.02734670200616135,0.086735946983245,1.3823308098266536,18.303914559425515,0.19603134310542586,-16.600075515146283,1.0
101.00000000000001,1.15,-3.4747075381008328,0.027195498899421508,0.08648749850904193,1.3810043444723346,18.30366943047369,0.19478474783705158,-16.615817177999926,1.0
101.00000000000001,1.14,-3.478685191123931,0.02704382021401192,0.08623748844416175,1.3796639212192856,18.303423866810096,0.1935349983528273,-16.63154940327058,1.0
101.00000000000001,1.13,-3.482660535564869,0.026891660967089132,0.08598589628866624,1.3783093098035084,18.30317787128433,0.19228206528574435,-16.64727205030015,1.0
101.00000000000001,1.12,-3.486633586627125,0.026739016070149925,0.0857327010533323,1.3769402739456198,18.30293144676923,0.19102591857376838,-16.66298497633629,1.0
101.00000000000001,1.11,-3.4906043595180876,0.02658588032596317,0.08547788124322313,1.375556571133623,18.302684596159548,0.1897665274407542,-16.67868803648101,1.0
101.00000000000001,1.1,-3.4945728694473903,0.026432248425384712,0.08522141484057562,1.3741579523955199,18.302437322372228,0.18850386037368624,-16.69438108364118,1.0
101.00000000000001,1.09,-3.498539131627739,0.026278114944048827,0.08496327928696211,1.3727441620622487,18.302189628345765,0.18723788510164635,-16.710063968474117,1.0
101.00000000000001,1.08,-3.5025031612736552,0.026123474338939873,0.08470345146467514,1.3713149375191178,18.301941517040635,0.18596856857398447,-16.725736539332708,1.0
101.00000000000001,1.07,-3.506464973601745,0.02596832094482448,0.08444190767731605,1.369870008946044,18.30169299143822,0.18469587693688427,-16.74139864220696,1.0
101.00000000000001,1.06,-3.5104245838284336,0.025812648970547233,0.08417862362950947,1.3684090990448847,18.301444054540617,0.18341977550966235,-16.75705012066483,1.0
101.00000000000001,1.05,-3.514382007171427,0.025656452495180754,0.08391357440574677,1.3669319227548782,18.301194709370733,0.18214022875885252,-16.772690815790355,1.0
101.00000000000001,1.04,-3.518337258847212,0.025499725464021687,0.08364673444826845,1.365438186953332,18.3009449589725,0.18085720027438978,-16.788320566119243,1.0
101.00000000000001,1.03,-3.522290354072514,0.02534246168442675,0.0833780775339537,1.3639275901429395,18.300694806409094,0.17957065274116765,-16.8039392075706,1.0
101.00000000000001,1.02,-3.5262413080613277,0.025184654821477834,0.08310757675015051,1.3623998221225695,18.300444254764223,0.17828054791229592,-16.819546573379043,1.0
101.00000000000001,1.01,-3.5301901360265844,0.025026298393473426,0.0828352044694156,1.3608545636431701,18.300193307140578,0.1769868465796458,-16.835142494020445,1.0
101.00000000000001,1.0,-3.5341368531779476,0.024867385767227895,0.08256093232305307,1.3592914860453682,18.29994196666107,0.17568950854573218,-16.850726797137717,1.0
101.00000000000001,0.99,-3.538081474722145,0.02470791015318128,0.08228473117343318,1.3577102508796235,18.29969023646644,0.17438849258919284,-16.866299307461475,1.0
101.00000000000001,0.98,-3.5420240158615197,0.024547864600294168,0.08200657108499217,1.3561105095065147,18.29943811971699,0.1730837564355897,-16.881859846729064,1.0
101.00000000000001,0.97,-3.545964491794674,0.024387241990734394,0.08172642129385203,1.354491902677173,18.299185619591423,0.17177525672465752,-16.89740823359752,1.0
101.00000000000001,0.96,-3.549902917713779,0.02422603503432642,0.08144425017595287,1.352854060090931,18.298932739285828,0.1704629489700142,-16.91294428355743,1.0
101.00000000000001,0.95,-3.5538393088065656,0.024064236262764042,0.0811600252136631,1.3511965999311768,18.298679482014933,0.16914678752937973,-16.928467808837766,1.0
101.00000000000001,0.94,-3.557773680253261,0.023901838023566588,0.08087371296070286,1.3495191283751609,18.298425851010265,0.1678267255629497,-16.943978618310346,1.0
101.00000000000001,0.93,-3.5617060472272235,0.0237388324737685,0.08058527900534851,1.3478212390786581,18.298171849521296,0.16650271499511038,-16.959476517389504,1.0
101.00000000000001,0.92,-3.5656364248944974,0.02357521157332109,0.08029468793177473,1.3461025126323893,18.297917480813872,0.16517470647295918,-16.974961307925824,1.0
101.00000000000001,0.91,-3.5695648284121817,0.023410967078200395,0.0800019032794167,1.3443625159884427,18.297662748170374,0.16384264932323253,-16.99043278809691,1.0
101.00000000000001,0.9,-3.573491272928146,0.02324609053319198,0.07970688750024785,1.342600801855304,18.297407654889902,0.16250649150917842,-17.005890752292384,1.0
101.00000000000001,0.89,-3.577415773580982,0.023080573264347114,0.07940960191384329,1.3408169080592032,18.29715220428664,0.16116617958248639,-17.021334990992965,1.0
101.00000000000001,0.88,-3.581338345498637,0.02291440637108232,0.079110006660057,1.3390103568689282,18.29689639969131,0.15982165863497225,-17.036765290646677,1.0
101.00000000000001,0.87,-3.5852590037974315,0.02274758071790116,0.07880806064918298,1.337180654282176,18.29664024444966,0.15847287224867931,-17.052181433535903,1.0
101.00000000000001,0.86,-3.5891777635824145,0.0225800869257233,0.07850372150945345,1.3353272892709995,18.29638374192145,0.15711976243978504,-17.06758319764051,1.0
101.00000000000001,0.85,-3.5930946399463277,0.022411915362789143,0.07819694553164741,1.3334497329827035,18.29612689548247,0.15576226960841053,-17.082970356493433,1.0
101.00000000000001,0.84,-3.5970096479675964,0.022243056135119635,0.07788768761065556,1.33154743789318,18.29586970852183,0.15440033247540336,-17.09834267903029,1.0
101.00000000000001,0.83,-3.600922802712109,0.02207349907650088,0.07757590118379538,1.3296198369105956,18.295612184443108,0.15303388802450474,-17.113699929430517,1.0
101.00000000000001,0.82,-3.6048341192299556,0.02190323373796583,0.07726153816562259,1.3276663424232755,18.295354326662874,0.15166287143641188,-17.12904186695201,1.0
101.00000000000001,0.81,-3.6087436125565313,0.021732249376739905,0.07694454887903916,1.3256863452904313,18.295096138611612,0.15028721602398815,-17.144368245756702,1.0
101.00000000000001,0.8,-3.6126512977108223,0.021560534944618064,0.07662488198239513,1.3236792137693731,18.294837623732253,0.1489068531618405,-17.159678814726885,1.0
101.00000000000001,0.79,-3.6165571896954356,0.02138807907573617,0.07630248439232985,1.3216442923756868,18.294578785480677,0.14752171221232835,-17.17497331727401,1.0
101.00000000000001,0.78,-3.620461303495002,0.021214870073693708,0.07597730120203276,1.3195809006703756,18.294319627324427,0.14613172044744516,-17.19025149113627,1.0
101.00000000000001,0.77,-3.6243636540762143,0.021040895897995293,0.07564927559459048,1.3174883319691766,18.29406015274382,0.14473680297133612,-17.2055130681655,1.0
101.00000000000001,0.76,-3.628264256387151,0.020866144149749452,0.07531834875106445,1.3153658519672784,18.293800365229227,0.14333688262933972,-17.220757774103973,1.0
101.00000000000001,0.75,-3.632163125355501,0.020690602056591553,0.07498445975288362,1.3132126972726472,18.29354026828355,0.14193187992465084,-17.235985328348427,1.0
101.00000000000001,0.74,-3.6360602758889096,0.020514256456764385,0.07464754547814861,1.3110280738414888,18.29327986542019,0.14052171291957974,-17.251195443702105,1.0
101.00000000000001,0.73,-3.639955722873877,0.020337093782305145,0.07430754049136104,1.3088111553068533,18.293019160162462,0.1391062971376838,-17.266387826111654,1.0
101.00000000000001,0.72,-3.643849481175075,0.020159100041275243,0.07396437692607577,1.306561081192056,18.292758156044183,0.13768554545840833,-17.281562174391883,1.0
101.00000000000001,0.71,-3.6477415656341647,0.01998026079895909,0.07361798435989356,1.3042769549989854,18.292496856608658,0.13625936800741056,-17.296718179932736,1.0
101.00000000000001,0.7,-3.651631991069741,0.019800561157968258,0.07326828968121495,1.3019578421611757,18.29223526540871,0.1348276720385151,-17.31185552639141,1.0
101.00000000000001,0.69,-3.6555207722763505,0.01961998573716083,0.07291521694706049,1.2996027678492634,18.291973386006248,0.13339036181132902,-17.326973889365462,1.0
101.00000000000001,0.68,-3.659407924023581,0.019438518649289315,0.07255868723121822,1.2972107146162877,18.29171122197115,0.13194733846081547,-17.34207293604651,1.0
101.00000000000001,0.67,-3.6632934610552237,0.019256143477292265,0.07219861846193118,1.2947806198685812,18.291448776882618,0.1304984998588456,-17.357152324855942,1.0
101.00000000000001,0.66,-3.667177398088586,0.019072843249108018,0.0718349252481946,1.292311373146452,18.291186054326815,0.1290437404672804,-17.37221170505534,1.0
101.00000000000001,0.65,-3.671059749814328,0.018888600410912743,0.0714675186937523,1.2898018131974796,18.29092305789816,0.12758295118450633,-17.387250716335256,1.0
101.00000000000001,0.64,-3.6749405308947667,0.01870339679865125,0.07109630619760635,1.2872507248224128,18.29065979119713,0.12611601917818538,-17.402268988377614,1.0
101.00000000000001,0.63,-3.678819755963523,0.018517213607724396,0.07072119123994625,1.2846568354730852,18.29039625783245,0.12464282771466753,-17.4172661403912,1.0
101.00000000000001,0.62,-3.6826974396253713,0.018330031360685634,0.07034207315211938,1.2820188115781586,18.29013246141775,0.12316325596859298,-17.43224178061639,1.0
101.00000000000001,0.61,-3.6865735964538504,0.018141829872784128,0.06995884686917898,1.279335254569509,18.289868405574005,0.12167717882786866,-17.447195505800053,1.0
101.00000000000001,0.6,-3.690448240992784,0.0179525882151737,0.06957140266340245,1.2766046965812543,18.289604093927167,0.12018446668341516,-17.462126900631652,1.0
101.00000000000001,0.59,-3.6943213877531993,0.017762284675589914,0.06917962585695313,1.273825595785994,18.289339530108254,0.11868498520209493,-17.477035537146193,1.0
101.00000000000001,0.58,-3.6981930512141754,0.017570896716278556,0.06878339651169005,1.2709963313335446,18.28907471775416,0.1171785950890077,-17.491920974084127,1.0
101.00000000000001,0.57,-3.7020632458214946,0.01737840092893315,0.0683825890938541,1.268115197848815,18.28880966050527,0.1156651518301259,-17.50678275620586,1.0
101.00000000000001,0.56,-3.705931985987183,0.017184772986379736,0.0679770721111408,1.2651803994430166,18.2885443620067,0.11414450541886802,-17.52162041356034,1.0
101.00000000000001,0.55,-3.709799286087245,0.01698998759071339,0.06756670771931939,1.262190043184712,18.288278825907113,0.11261650006219423,-17.536433460699442,1.0
101.00000000000001,0.54,-3.7136651604631785,0.016794018417556105,0.06715135129528534,1.2591421319729093,18.288013055859004,0.11108097386498485,-17.55122139583636,1.0
101.00000000000001,0.53,-3.717529623420256,0.016596838056084615,0.06673085097296039,1.2560345567430629,18.287747055517734,0.10953775849324135,-17.565983699939157,1.0
101.00000000000001,0.52,-3.7213926892255733,0.016398417944411495,0.06630504713803474,1.2528650879305232,18.287480828541483,0.10798667880900364,-17.580719835758554,1.0
101.00000000000001,0.51,-3.725254372108426,0.016198728299888106,0.06587377187708113,1.2496313661059313,18.28721437859067,0.10642755247860644,-17.595429246778604,1.0
101.00000000000001,0.5,-3.7291146862611213,0.015997738043811386,0.06543684837590918,1.2463308916832219,18.286947709327524,0.10486018955186055,-17.61011135608455,1.0
101.00000000000001,0.49,-3.7329736458340577,0.015795414719987293,0.06499409026133632,1.2429610135862599,18.28668082441645,0.10328439200420612,-17.624765565142813,1.0
101.00000000000001,0.48,-3.73683126493849,0.015591724406514497,0.06454530087983826,1.2395189167491685,18.28641372752227,0.10169995324510409,-17.63939125247635,1.0
101.00000000000001,0.47,-3.7406875576440703,0.015386631620085403,0.06409027250554755,1.236001608299111,18.286146422312207,0.10010665758490772,-17.653987772233908,1.0
101.00000000000001,0.46,-3.7445425379788273,0.015180099212022465,0.06362878546898425,1.2324059022538059,18.285878912452176,0.09850427965088311,-17.668554452633995,1.0
101.00000000000001,0.45,-3.748396219928214,0.01497208825512767,0.0631606071967613,1.2287284025368088,18.285611201609846,0.09689258376220117,-17.683090594275445,1.0
101.00000000000001,0.44,-3.7522486174327403,0.014762557920361697,0.06268549115085445,1.2249654840836264,18.285343293451906,0.09527132324229176,-17.697595468295177,1.0
101.00000000000001,0.43,-3.7560997443900095,0.014551465342195388,0.0622031756545016,1.2211132717770854,18.285075191645316,0.09364023966986218,-17.712068314360913,1.0
101.00000000000001,0.42,-3.759949614651085,0.014338765471321393,0.06171338258957817,1.2171676169020005,18.28480689985569,0.09199906206299928,-17.7265083384737,1.0
101.00000000000001,0.41,-3.763798242021484,0.014124410913266185,0.061215815948056196,1.21312407076407,18.284538421747467,0.09034750598175038,-17.740914710563406,1.0
101.00000000000001,0.4,-3.767645640259685,0.013908351751188494,0.060710160217084384,1.2089778550501213,18.28426976098455,0.08868527254934322,-17.75528656184715,1.0
101.00000000000001,0.39,-3.7714918230755647,0.013690535350946107,0.06019607857401087,1.204723828435562,18.28400092122788,0.08701204736504939,-17.76962298192529,1.0
101.00000000000001,0.38,-3.775336804275997,0.013470906067689204,0.05967321042791635,1.2003564426947961,18.283731905763354,0.0853274976469495,-17.783923030983093,1.0
101.00000000000001,0.37,-3.7791805971892174,0.01324940531487112,0.05914117083980102,1.1958697238450495,18.28346271896328,0.08363127743080156,-17.798185676015635,1.0
101.00000000000001,0.36,-3.783023215513155,0.013025970852182461,0.058599545483876345,1.1912571886535033,18.28319336413784,0.08192301656351925,-17.8124098753311,1.0
101.00000000000001,0.35,-3.786864672755998,0.012800536786755457,0.05804788935867305,1.1865118118062108,18.282923844938487,0.08020232530336359,-17.826594516433236,1.0
101.00000000000001,0.34,-3.7907049823725885,0.012573033176810426,0.05748572310446658,1.1816259568719394,18.282654165013568,0.07846879099182494,-17.840738425319564,1.0
101.00000000000001,0.33,-3.794544157763394,0.012343385669556178,0.05691252925760395,1.1765913033032442,18.282384328008106,0.0767219760332303,-17.854840361049053,1.0
101.00000000000001,0.32,-3.7983822122732938,0.012111515096211249,0.05632774796936031,1.1713987622023985,18.28211433756384,0.07496141563120841,-17.868899009649784,1.0
101.00000000000001,0.31,-3.802219159189904,0.01187733701780533,0.055730772093427215,1.1660383787110031,18.281844197318307,0.07318661523900183,-17.88291297726478,1.0
101.00000000000001,0.3,-3.806055011742376,0.011640761214301264,0.05512094152528899,1.1604992183908303,18.2815739109058,0.07139704768861245,-17.896880782410033,1.0
101.00000000000001,0.29,-3.8098897830995035,0.011401691108218346,0.054497536650456216,1.1547692343375466,18.281303481956325,0.06959214992574957,-17.910800847202708,1.0
101.00000000000001,0.28,-3.81372348636786,0.011160023112306886,0.05385977072525649,1.1488351109689778,18.281032914095583,0.06777131929949336,-17.92467148737612,1.0
101.00000000000001,0.27,-3.817556134589981,0.010915645888831364,0.05320678097134806,1.1426820793953039,18.280762210946502,0.06593390933020044,-17.938490900863588,1.0
101.00000000000001,0.26,-3.8213877407408963,0.01066843950560568,0.0525376181103505,1.1362936979319143,18.28049137612669,0.06407922483246467,-17.95225715469338,1.0
101.00000000000001,0.25,-3.825218317726856,0.010418274470965409,0.05185123399386131,1.1296515895482035,18.280220413250717,0.06220651630137221,-17.96596816986235,1.0
101.00000000000001,0.24,-3.8290478783800883,0.010165010626258575,0.05114646689080445,1.1227351256953435,18.279949325929707,0.06031497339573036,-17.979621703785075,1.0
101.00000000000001,0.23,-3.8328764354560185,0.009908495870001458,0.050422023870562035,1.1155210428125801,18.279678117771525,0.058403717332455765,-17.993215329814465,1.0
101.00000000000001,0.22,-3.83670400162776,0.009648564682435811,0.049676459554880745,1.1079829735404767,18.279406792380975,0.05647179195658099,-18.00674641319515,1.0
101.00000000000001,0.21,-3.840530589479571,0.009385036412594997,0.048908150287549364,1.1000908688139168,18.279135353362204,0.05451815319249212,-18.02021208263558,1.0
101.00000000000001,0.2,-3.8443562114989698,0.009117713281940422,0.04811526246357372,1.091810278860077,18.278863804317897,0.05254165647369328,-18.033609196456254,1.0
101.00000000000001,0.19,-3.848180880066685,0.008846378048959906,0.04729571333222188,1.0831014496319322,18.278592148851065,0.05054104166210365,-18.046934301952504,1.0
101.00000000000001,0.18,-3.852004607442752,0.00857079126773846,0.046447121985148554,1.0739181747334645,18.27832039056795,0.04851491478558646,-18.06018358618453,1.0
101.00000000000001,0.17,-3.8558274057486304,0.008290688060657697,0.045566747375193326,1.0642063188736302,18.27804853307885,0.0464617257082499,-18.073352815802657,1.0
101.00000000000001,0.16,-3.8596492869424552,0.00800577431199731,0.04465140894659308,1.0539018931944912,18.277776580003117,0.044379740542023705,-18.08643726267573,1.0
101.00000000000001,0.15,-3.863470262784394,0.007715722177890993,0.043697383571656936,1.0429285086618425,18.27750453497223,0.042267007139652514,-18.09943161086911,1.0
101.00000000000001,0.14,-3.8672903447880116,0.007420164805008111,0.04270026961418414,1.031193949587335,18.27723240163694,0.04012131136945404,-18.112329838729885,1.0
101.00000000000001,0.13,-3.8711095441481715,0.0071186901694646875,0.041654804446193225,1.0185854752254329,18.27696018367573,0.03794012085652913,-18.125125067150137,1.0
101.00000000000001,0.12,-3.8749278716331528,0.006810834020184241,0.04055461451881687,1.0049632371140387,18.27668788480625,0.03572051136275005,-18.137809360925775,1.0
101.00000000000001,0.11,-3.878745337418419,0.006496072108049937,0.03939186508958757,0.9901508256737295,18.276415508805655,0.033459068534867256,-18.150373463553642,1.0
101.00000000000001,0.1,-3.882561950817228,0.006173812367366102,0.03815675603314847,0.9739212989472175,18.276143059537038,0.031151753766009357,-18.16280643498455,1.0
