T,rho,phi_u,phi_d,phi_s,Phi1,Phi2,mu_u,mu_d,mu_s,pressure,entropy,energy,converged
140.0,3.0,-0.4357492758750581,-0.4357492758750652,-1.9172750789628958,0.36015122411959233,0.38465623905536356,1.4348021098404873,1.4348021098404873,1.4348021098404873,21.789219301379163,3.881801627778985,-6.121972907508641,1.0
140.0,2.99,-0.4405399143750313,-0.4405399143750736,-1.9181430098188712,0.35968311908174777,0.3842288137265961,1.4337388937220883,1.4337388937220883,1.4337388937220883,21.787690816048684,3.8721258380301355,-6.179890232549759,1.0
140.0,2.98,-0.44537977720119604,-0.44537977720120897,-1.919012049766966,0.35921448732039285,0.38380118178389055,1.4326903581860087,1.4326903581860087,1.4326903581860087,21.786188468426904,3.86246207285735,-6.237630124796677,1.0
140.0,2.97,-0.45026821221414043,-0.45026821221413216,-1.9198822464806837,0.35874532436507917,0.38337334280677043,1.431656664148549,1.431656664148549,1.431656664148549,21.78471234737395,3.8528102710652954,-6.295192606047783,1.0
140.0,2.96,-0.45520451698073006,-0.45520451698064457,-1.9207536464195927,0.3582756247291715,0.3829452952993059,1.4306379604588477,1.4306379604588477,1.4306379604588477,21.783262522258063,3.84317035065588,-6.3525778178009835,1.0
140.0,2.95,-0.4601879406460799,-0.46018794064608126,-1.9216262947763008,0.35780538188599587,0.3825170366615392,1.4296343834918153,1.4296343834918153,1.4296343834918153,21.78183904261127,3.833542208309683,-6.40978602510458,1.0
140.0,2.94,-0.46521768510646844,-0.4652176851064219,-1.9225002353942728,0.3573345882465247,0.3820885631621823,1.4286460567248016,1.4286460567248016,1.4286460567248016,21.78044193776999,3.8239257191082614,-6.466817618255884,1.0
140.0,2.93,-0.4702929063700884,-0.470292906370082,-1.923375510689148,0.35686323514017143,0.38165986991468714,1.4276730903549275,1.4276730903549275,1.4276730903549275,21.77907121658329,3.814320736326322,-6.52367311408713,1.0
140.0,2.92,-0.47541271610647196,-0.4754127161065027,-1.9242521615744173,0.3563913127989501,0.3812309508569701,1.4267155809609111,1.4267155809609111,1.4267155809609111,21.77772686719325,3.8047270912992603,-6.580353156809693,1.0
140.0,2.91,-0.48057618337048114,-0.480576183370437,-1.925130227392796,0.3559188103451049,0.3808017987349348,1.4257736112107835,1.4257736112107835,1.4257736112107835,21.77640885688803,3.7951445933653907,-6.636858518416857,1.0
140.0,2.9,-0.48578233649448704,-0.48578233649447883,-1.9260097458517065,0.3554457157822584,0.38037240508985454,1.4248472496177536,1.4248472496177536,1.4248472496177536,21.775117132027013,3.7855730298848322,-6.693190098633595,1.0
140.0,2.89,-0.4910301651403483,-0.4910301651403693,-1.9268907529658061,0.35497201599019623,0.3799427602497772,1.4239365503465096,1.4239365503465096,1.4239365503465096,21.773851618045303,3.7760121663360717,-6.74934892440781,1.0
140.0,2.88,-0.4963186224938039,-0.4963186224938673,-1.9277732830051102,0.3544976967233021,0.37951285332495827,1.4230415530699936,1.4230415530699936,1.4230415530699936,21.77261221952958,3.7664617464887953,-6.8053361489495305,1.0
140.0,2.87,-0.5016466275921295,-0.5016466275920562,-1.928657368448759,0.35402274261267497,0.3790826722073944,1.4221622828781724,1.4221622828781724,1.4221622828781724,21.77139882037048,3.756921492653266,-6.8611530503174505,1.0
140.0,2.86,-0.5070130677678759,-0.507013067767915,-1.929543039946683,0.35354713717179403,0.37865220357433105,1.4212987502388708,1.4212987502388708,1.4212987502388708,21.770211283989205,3.7473911060037914,-6.916801029565232,1.0
140.0,2.85,-0.5124168011979713,-0.5124168011979332,-1.930430326286694,0.35307086280589906,0.37822143289591353,1.4204509510108871,1.4204509510108871,1.4204509510108871,21.76904945363596,3.737870266975798,-6.972281608452224,1.0
140.0,2.84,-0.5178566595338896,-0.5178566595338663,-1.9313192543694713,0.3525939008247193,0.3777903444466287,1.419618866507974,1.419618866507974,1.419618866507974,21.767913152758066,3.7283586357311975,-7.027596426745367,1.0
140.0,2.83,-0.5233314506062705,-0.5233314506063115,-1.932209849189866,0.35211623145869925,0.37735892132069276,1.418802463613944,1.418802463613944,1.418802463613944,21.766802185435225,3.7188558526922915,-7.082747239116527,1.0
140.0,2.82,-0.5288399611791005,-0.5288399611790843,-1.9331021338251826,0.3516378338783723,0.3769271454510206,1.4180016949464473,1.4180016949464473,1.4180016949464473,21.765716336879294,3.709361539137287,-7.137735911669505,1.0
140.0,2.81,-0.5343809597404034,-0.5343809597404091,-1.9339961294306163,0.3511586862169017,0.37649499763180233,1.4172164990682183,1.4172164990682183,1.4172164990682183,21.764655373993108,3.699875297855437,-7.192564418113781,1.0
140.0,2.8,-0.5399531993120117,-0.5399531993120279,-1.9348918552410037,0.35067876559541944,0.376062457544314,1.4164468007436266,1.4164468007436266,1.4164468007436266,21.763619045986193,3.69039671385615,-7.247234835613157,1.0
140.0,2.79,-0.5455554202617879,-0.5455554202617691,-1.9357893285792718,0.3501980481511299,0.375629503785899,1.4156925112381238,1.4156925112381238,1.4156925112381238,21.762607085041157,3.6809253551275503,-7.301749340338715,1.0
140.0,2.78,-0.5511863530999865,-0.5511863531000191,-1.9366885648716943,0.3497165090678377,0.37519611390178964,1.4149535286575152,1.4149535286575152,1.4149535286575152,21.761619207026207,3.6714607734394655,-7.356110202756565,1.0
140.0,2.77,-0.5568447212481986,-0.5568447212481554,-1.937589577668313,0.3492341226087157,0.3747622644195445,1.414229738324747,1.414229738324747,1.414229738324747,21.760655112250213,3.662002505184914,-7.4103197826812295,1.0
140.0,2.76,-0.5625292437627292,-0.5625292437627581,-1.938492378670056,0.3487508621510764,0.37432793088586386,1.4135210131907043,1.4135210131907043,1.4135210131907043,21.759714486252875,3.6525500722555373,-7.464380524125656,1.0
140.0,2.75,-0.5682386379993466,-0.568238637999309,-1.9393969777606548,0.3482667002228454,0.3738930879054465,1.4128272142754295,1.4128272142754295,1.4128272142754295,21.758797000625684,3.6431029829438764,-7.518294949986481,1.0
140.0,2.74,-0.5739716222072373,-0.5739716222072533,-1.9403033830441303,0.34778160854055423,0.373457709181691,1.412148191137058,1.412148191137058,1.412148191137058,21.757902313859486,3.6336607328689254,-7.572065656590146,1.0
140.0,2.73,-0.5797269180400355,-0.5797269180400891,-1.9412116008867115,0.34729555804850915,0.3730217675588638,1.4114837823643178,1.4114837823643178,1.4114837823643178,21.75703007221014,3.6242228059170145,-7.625695308138863,1.0
140.0,2.72,-0.5855032529721773,-0.5855032529721413,-1.9421216359631082,0.3468085189589408,0.3725852350655237,1.410833816089294,1.410833816089294,1.410833816089294,21.756179910580755,3.614788675194669,-7.6791866310867025,1.0
140.0,2.71,-0.5912993626134614,-0.5912993626134737,-1.9430334913066556,0.3463204607928887,0.37214808295891666,1.410198110517207,1.410198110517207,1.410198110517207,21.755351453412224,3.6053578039871166,-7.732542408474624,1.0
140.0,2.7,-0.5971139929111279,-0.5971139929110669,-1.9439471683629728,0.3458313524214993,0.3717102817700035,1.4095764744690271,1.4095764744690271,1.4095764744690271,21.75454431557866,3.5959296467169866,-7.785765474261751,1.0
140.0,2.69,-0.6029459022350039,-0.6029459022350202,-1.9448626670466165,0.34534116210758464,0.37127180134893256,1.408968707934479,1.408968707934479,1.408968707934479,21.753758103282397,3.586503649899396,-7.838858707672031,1.0
140.0,2.68,-0.6087938633382806,-0.6087938633382792,-1.9457799858001734,0.3448498575471608,0.3708326109106518,1.4083746026311112,1.4083746026311112,1.4083746026311112,21.752992414945307,3.5770792530877746,-7.891825027595344,1.0
140.0,2.67,-0.6146566651897568,-0.6146566651897816,-1.9466991216557907,0.34435740591077435,0.3703926790804373,1.4077939425669095,1.4077939425669095,1.4077939425669095,21.752246842088766,3.567655889806712,-7.944667387057931,1.0
140.0,2.66,-0.6205331146775287,-0.6205331146775267,-1.9476200702981514,0.34386377388441813,0.36995197393912344,1.4072265046036645,1.4072265046036645,1.4072265046036645,21.75152097020266,3.5582329884682435,-7.997388767789353,1.0
140.0,2.65,-0.6264220381756263,-0.6264220381756407,-1.948542826128894,0.34336892770980826,0.3695104630677619,1.40667205901702,1.40667205901702,1.40667205901702,21.75081437959653,3.548809973266474,-8.04999217491453,1.0
140.0,2.64,-0.6323222829804561,-0.6323222829804485,-1.94946738233215,0.3428728332239134,0.36906811359159836,1.4061303700522108,1.4061303700522108,1.4061303700522108,21.750126646231802,3.5393862650492363,-8.102480631778302,1.0
140.0,2.63,-0.6382327186115521,-0.6382327186115347,-1.9503937309402728,0.34237545589753454,0.3686248922231227,1.4056011964717963,1.4056011964717963,1.4056011964717963,21.749457342529944,3.5299612821625748,-8.154857174928374,1.0
140.0,2.62,-0.6441522379802823,-0.6441522379802805,-1.9513218629001827,0.34187676087281604,0.3681807653040622,1.4050842920936983,1.4050842920936983,1.4050842920936983,21.748806038155504,3.5205344412658404,-8.207124849268315,1.0
140.0,2.61,-0.6500797584278167,-0.6500797584278124,-1.9522517681392388,0.34137671299954814,0.367735698846153,1.4045794063173573,1.4045794063173573,1.4045794063173573,21.748172300772104,3.511105158115468,-8.259286703396358,1.0
140.0,2.6,-0.6560142226357137,-0.6560142226356926,-1.9531834356310793,0.34087527687018015,0.3672896585705939,1.4040862846364186,1.4040862846364186,1.4040862846364186,21.747555696767822,3.5016728483155255,-8.311345785136412,1.0
140.0,2.59,-0.6619545994110293,-0.6619545994110294,-1.9541168534603923,0.3403724168534193,0.36684260994603035,1.4036046691358985,1.4036046691358985,1.4036046691358985,21.74695579194979,3.49223692803325,-8.363305137276045,1.0
140.0,2.58,-0.667899884352754,-0.6678998843527978,-1.9550520088870118,0.3398680971263853,0.366394518225038,1.4031342989731808,1.4031342989731808,1.4031342989731808,21.746372152206035,3.48279681467923,-8.415167793511857,1.0
140.0,2.57,-0.6738491004012707,-0.673849100401257,-1.9559888884086973,0.3393622817052122,0.3659453484789676,1.4026749108409862,1.4026749108409862,1.4026749108409862,21.74580434413474,3.4733519275505658,-8.466936774613508,1.0
140.0,2.56,-0.6798012982774315,-0.6798012982774669,-1.956927477822568,0.33885493447408954,0.36549506563114226,1.402226239411788,1.402226239411788,1.402226239411788,21.745251935637654,3.463901688436837,-8.518615084804537,1.0
140.0,2.55,-0.6857555568161635,-0.6857555568161277,-1.9578677622849532,0.33834601921267665,0.3650436344883225,1.4017880177626112,1.4017880177626112,1.4017880177626112,21.744714496480587,3.45444552218888,-8.570205708366547,1.0
140.0,2.54,-0.6917109832010885,-0.6917109832010897,-1.958809726369567,0.3378354996219128,0.36459101977045755,1.4013599777802395,1.4013599777802395,1.4013599777802395,21.74419159881914,3.4449828572501477,-8.621711606460982,1.0
140.0,2.53,-0.6976667131041271,-0.6976667131040868,-1.9597533541238434,0.33732333934817826,0.36413718613866547,1.4009418505454496,1.4009418505454496,1.4009418505454496,21.743682817688526,3.4355131261506013,-8.673135714173664,1.0
140.0,2.52,-0.7036219107373405,-0.7036219107373893,-1.9606986291232018,0.3368095020058078,0.36368209822144043,1.4005333666968836,1.4005333666968836,1.4005333666968836,21.743187731460623,3.4260357659642118,-8.724480937775287,1.0
140.0,2.51,-0.7095757688235947,-0.7095757688235707,-1.9616455345233672,0.3362939511980125,0.36322572063913694,1.400134256774087,1.400134256774087,1.400134256774087,21.742705922266143,3.4165502187301153,-8.775750152195888,1.0
140.0,2.5,-0.7155275084899104,-0.7155275084899373,-1.9625940531106074,0.3357766505361593,0.3627680180266756,1.399744251539776,1.399744251539776,1.399744251539776,21.742236976384167,3.407055931838694,-8.8269461987081,1.0
140.0,2.49,-0.7214763790917856,-0.7214763790917297,-1.9635441673495846,0.3352575636575158,0.3623089550545743,1.3993630822813943,1.3993630822813943,1.3993630822813943,21.74178048459972,3.3975523583829377,-8.878071882816416,1.0
140.0,2.48,-0.7274216579726575,-0.7274216579726347,-1.9644958594293271,0.3347366542414258,0.361848496448273,1.3989904810925002,1.3989904810925002,1.3989904810925002,21.741336042527784,3.388038957476949,-8.929129972340643,1.0
140.0,2.47,-0.733362650165094,-0.73336265016506,-1.9654491113067083,0.3342138860239885,0.3613866070058179,1.3986261811338827,1.3986261811338827,1.3986261811338827,21.740903250909618,3.378515194541532,-8.980123195695457,1.0
140.0,2.46,-0.739298688039624,-0.739298688039597,-1.9664039047478112,0.33368922281130664,0.3609232516139774,1.3982699168754826,1.3982699168754826,1.3982699168754826,21.740481715877635,3.3689805415598273,-9.031054240348551,1.0
140.0,2.45,-0.7452291309049817,-0.7452291309049571,-1.9673602213671109,0.33316262849128964,0.3604583952627693,1.3979214243188032,1.3979214243188032,1.3979214243188032,21.740071049192814,3.3594344773023197,-9.081925751460336,1.0
140.0,2.44,-0.7511533645669939,-0.7511533645669953,-1.9683180426643794,0.33263406704414533,0.3599920030585406,1.3975804412011306,1.3975804412011306,1.3975804412011306,21.7396708684544,3.3498764875241402,-9.132740330688147,1.0
140.0,2.43,-0.7570708008498142,-0.757070800849809,-1.9692773500594767,0.3321035025515386,0.3595240402355792,1.3972467071817514,1.3972467071817514,1.3972467071817514,21.739280797284618,3.3403060651352687,-9.183500535153417,1.0
140.0,2.42,-0.762980877084384,-0.7629808770843597,-1.9702381249250283,0.3315708992045279,0.35905447216636766,1.3969199640109295,1.3969199640109295,1.3969199640109295,21.73890046548876,3.330722710345086,-9.23420887656048,1.0
140.0,2.41,-0.7688830555687143,-0.7688830555687449,-1.9712003486170178,0.3310362213103179,0.3585832643705254,1.396599955682281,1.396599955682281,1.396599955682281,21.738529509191252,3.321125930782969,-9.28486782045911,1.0
140.0,2.4,-0.7747768230045895,-0.7747768230046351,-1.972164002503282,0.3304994332978832,0.35811038252249533,1.3962864285694063,1.3962864285694063,1.3962864285694063,21.73816757095012,3.311515241596203,-9.335479785642375,1.0
140.0,2.39,-0.7806616899134877,-0.7806616899134718,-1.9731290679901736,0.3299604997225259,0.35763579245804045,1.395979131547237,1.395979131547237,1.395979131547237,21.737814299851124,3.3018901655261645,-9.38604714367337,1.0
140.0,2.38,-0.7865371900369019,-0.7865371900369479,-1.974095526547282,0.3294193852694298,0.35715946017962336,1.3956778160991956,1.3956778160991956,1.3956778160991956,21.73746935158304,3.292250232965186,-9.43657221853072,1.0
140.0,2.37,-0.7924028797235052,-0.7924028797234947,-1.9750633597301461,0.32887605475627635,0.3566813518607284,1.3953822364104949,1.3953822364104949,1.3953822364104949,21.73713238849242,3.282594981994312,-9.487057286363989,1.0
140.0,2.36,-0.798258337305977,-0.7982583373060161,-1.9760325492015618,0.32833047313495417,0.3562014338491732,1.3950921494485902,1.3950921494485902,1.3950921494485902,21.736803079624373,3.272923958403881,-9.537504575355854,1.0
140.0,2.35,-0.8041031624720402,-0.8041031624720176,-1.9770030767508522,0.3277826054924448,0.3557196726694898,1.394807315031466,1.394807315031466,1.394807315031466,21.73648110074593,3.263236715698267,-9.587916265677789,1.0
140.0,2.34,-0.8099369756302097,-0.809936975630237,-1.9779749243116498,0.32723241705093514,0.3552360350244331,1.3945274958843394,1.3945274958843394,1.3945274958843394,21.736166134355003,3.2535328150856064,-9.638294489536019,1.0
140.0,2.33,-0.8157594172750398,-0.815759417275044,-1.978948073978249,0.32667987316719366,0.35475048779566093,1.394252457685737,1.394252457685737,1.394252457685737,21.735857869676032,3.243811825454072,-9.688641331297854,1.0
140.0,2.32,-0.8215701473515045,-0.821570147351522,-1.9799225080202743,0.3261249393312832,0.354262998043657,1.393981969103226,1.393981969103226,1.393981969103226,21.735556002643982,3.234073323335629,-9.738958827695848,1.0
140.0,2.31,-0.82736884462299,-0.8273688446229915,-1.9808982088962004,0.3255675811646353,0.35377353300693226,1.3937158018199172,1.3937158018199172,1.3937158018199172,21.735260235875618,3.2243168928583823,-9.789248968097443,1.0
140.0,2.3,-0.833155206043334,-0.833155206043303,-1.9818751592652473,0.32500776441758517,0.3532820601006088,1.3934537305521348,1.3934537305521348,1.3934537305521348,21.734970278631074,3.2145421256888147,-9.839513694838114,1.0
140.0,2.29,-0.8389289461338706,-0.8389289461338483,-1.9828533419982228,0.3244454549663176,0.35278854691433176,1.3931955330586216,1.3931955330586216,1.3931955330586216,21.73468584676669,3.204748620964267,-9.88975490361357,1.0
140.0,2.28,-0.8446897963698546,-0.844689796369842,-1.983832740187287,0.3238806188093901,0.35229296120969655,1.3929409901427654,1.3929409901427654,1.3929409901427654,21.734406662678253,3.19493598521751,-9.939974443917883,1.0
140.0,2.27,-0.8504375045732555,-0.8504375045732745,-1.98481333715429,0.3233132220637673,0.3517952709171111,1.3926898856471084,1.3926898856471084,1.3926898856471084,21.73413245523652,3.1851038322934504,-9.990174119532014,1.0
140.0,2.26,-0.85617183431673,-0.856171834316707,-1.9857951164583274,0.3227432309604512,0.35129544413219704,1.3924420064418057,1.3924420064418057,1.3924420064418057,21.733862959716642,3.1752517832590286,-10.040355689051596,1.0
140.0,2.25,-0.8618925643380565,-0.8618925643380406,-1.9867780619021873,0.3221706118397865,0.35079344911180516,1.3921971424071446,1.3921971424071446,1.3921971424071446,21.733597917720942,3.1653794663079493,-10.090520866449003,1.0
140.0,2.24,-0.8675994879652148,-0.8675994879652907,-1.9877621575379558,0.32159533114636085,0.3502892542695686,1.3919550864101722,1.3919550864101722,1.3919550864101722,21.73333707709649,3.1554865166590194,-10.140671321671991,1.0
140.0,2.23,-0.8732924125556197,-0.8732924125556264,-1.988747387671705,0.3210173554236755,0.34978282817118056,1.391715634277008,1.391715634277008,1.391715634277008,21.73308019184698,3.1455725764513485,-10.190808681262954,1.0
140.0,2.22,-0.8789711589454142,-0.8789711589453958,-1.989733736867333,0.3204366513084926,0.34927413952929387,1.3914785847598017,1.3914785847598017,1.3914785847598017,21.732827022041484,3.135637294634513,-10.240934529009674,1.0
140.0,2.21,-0.8846355609148068,-0.8846355609147544,-1.990721189949849,0.31985318552497943,0.3487631571981794,1.3912437395002535,1.3912437395002535,1.3912437395002535,21.732577333719107,3.125680326856423,-10.291050406610182,1.0
140.0,2.2,-0.8902854646646928,-0.8902854646647128,-1.9917097320077384,0.31926692487859587,0.348249850168082,1.391010902988746,1.391010902988746,1.391010902988746,21.732330898790494,3.115701335347592,-10.341157814359615,1.0
140.0,2.19,-0.8959207283094403,-0.8959207283094797,-1.9926993483948108,0.3186778362498502,0.34773418755941093,1.3907798825206747,1.3907798825206747,1.3907798825206747,21.732087494936994,3.105699988804193,-10.39125821184653,1.0
140.0,2.18,-0.9015412213818222,-0.9015412213818043,-1.9936900247314455,0.31808588658783277,0.34721613861666867,1.3905504881492226,1.3905504881492226,1.3905504881492226,21.731846905507393,3.095675962268509,-10.441353018663936,1.0
140.0,2.17,-0.9071468243530788,-0.9071468243530331,-1.9946817469052875,0.317491042903636,0.34669567270223467,1.390322532635548,1.390322532635548,1.390322532635548,21.731608919412658,3.085628937008567,-10.491443615127718,1.0
140.0,2.16,-0.9127374281676958,-0.9127374281677207,-1.995674501071321,0.3168932722636504,0.34617275928999813,1.3900958313966787,1.3900958313966787,1.3900958313966787,21.73137333102018,3.0755586003968514,-10.541531343000342,1.0
140.0,2.15,-0.9183129337920821,-0.9183129337920988,-1.9966682736516714,0.31629254178274013,0.3456473679588396,1.389870202451047,1.389870202451047,1.389870202451047,21.73113994004581,3.0654646457883903,-10.591617506219318,1.0
140.0,2.14,-0.9238732517775631,-0.9238732517775717,-1.9976630513349758,0.3156888186173425,0.3451194683860123,1.389645466362238,1.389645466362238,1.389645466362238,21.730908551447158,3.055346772398685,-10.641703371628616,1.0
140.0,2.13,-0.929418301837477,-0.9294183018375076,-1.998658821075043,0.3150820699584994,0.34458903034042976,1.3894214461808447,1.3894214461808447,1.3894214461808447,21.73067897531395,3.0452046851819197,-10.691790169708222,1.0
140.0,2.12,-0.9349480124390777,-0.9349480124390626,-1.9996555700895686,0.3144722630248098,0.3440560236758588,1.389197967385191,1.389197967385191,1.389197967385191,21.730451026760456,3.035038094709332,-10.741879095303457,1.0
140.0,2.11,-0.9404623204077681,-0.9404623204077963,-2.0006532858582613,0.3138593650553464,0.34352041832404845,1.3889748578202608,1.3889748578202608,1.3889748578202608,21.730224525816496,3.0248467170481357,-10.79197130835226,1.0
140.0,2.1,-0.9459611705477385,-0.9459611705478242,-2.0016519561208304,0.31324334330255893,0.34298218428783783,1.3887519476363819,1.3887519476363819,1.3887519476363819,21.72999929732051,3.014630273642038,-10.842067934604605,1.0
140.0,2.09,-0.9514445152731152,-0.9514445152731372,-2.0026515688745987,0.31262416502511386,0.34244129163417375,1.3885290692260153,1.3885290692260153,1.3885290692260153,21.729775170811575,3.004388491191743,-10.892170066341116,1.0
140.0,2.08,-0.9569123142542828,-0.9569123142542971,-2.003652112371876,0.31200179748076734,0.34189771048715367,1.3883060571604933,1.3883060571604933,1.3883060571604933,21.72955198042265,2.994121101537699,-10.942278763080797,1.0
140.0,2.07,-0.9623645340768909,-0.9623645340768834,-2.0046535751172865,0.31137620791919257,0.3413514110210058,1.3880827481259053,1.3880827481259053,1.3880827481259053,21.729329564775316,2.983827841543678,-10.992395052283356,1.0
140.0,2.06,-0.9678011479129854,-0.9678011479129882,-2.005655945864664,0.31074736357484056,0.340802363453091,1.387858980858384,1.387858980858384,1.387858980858384,21.729107766875018,2.9735084529822045,-11.042519930042706,1.0
140.0,2.05,-0.9732221352052557,-0.9732221352053035,-2.0066592136138905,0.3101152316597881,0.340250538036879,1.3876345960792147,1.3876345960792147,1.3876345960792147,21.72888643400743,2.9631626824214528,-11.092654361770286,1.0
140.0,2.04,-0.9786274813627919,-0.9786274813628209,-2.007663367607722,0.30947977935663196,0.3396959050549602,1.3874094364294265,1.3874094364294265,1.3874094364294265,21.728665417636318,2.9527902811142055,-11.142799282869827,1.0
140.0,2.03,-0.9840171774691427,-0.9840171774690725,-2.0086683973281296,0.3088409738113718,0.33913843481203737,1.3871833464044596,1.3871833464044596,1.3871833464044596,21.72844457330297,2.942391004888586,-11.192955599399959,1.0
140.0,2.02,-0.9893912200012545,-0.9893912200013046,-2.009674292492979,0.30819878212634566,0.3385780976279589,1.386956172288491,1.386956172288491,1.386956172288491,21.728223760526273,2.931964614040675,-11.243124188726783,1.0
140.0,2.01,-0.9947496105605089,-0.9947496105605064,-2.010681043052214,0.3075531713531875,0.33801486383076457,1.3867277620888552,1.3867277620888552,1.3867277620888552,21.728002842705774,2.9215108732294004,-11.293305900165212,1.0
140.0,2.0,-1.0000923556134045,-1.0000923556133772,-2.0116886391841478,0.3069041084858213,0.337448703749763,1.3864979654704805,1.3864979654704805,1.3864979654704805,21.727781687024628,2.911029551373465,-11.343501555606922,1.0
140.0,1.99,-1.0054194662435698,-1.0054194662435836,-2.0126970712917007,0.306251560453489,0.33687958770862936,1.3862666336903462,1.3862666336903462,1.3862666336903462,21.727560164355644,2.9005204215502784,-11.393711950137934,1.0
140.0,1.98,-1.0107309579135564,-1.010730957913549,-2.0137063299986546,0.30559549411382253,0.336307486018544,1.3860336195320686,1.3860336195320686,1.3860336195320686,21.727338149167732,2.889983260897211,-11.443937852642645,1.0
140.0,1.97,-1.0160268502368757,-1.0160268502368806,-2.0147164061453573,0.3049358762459785,0.3357323689713842,1.3857987772408358,1.3857987772408358,1.3857987772408358,21.727115519435678,2.8794178505154853,-11.49418000639512,1.0
140.0,1.96,-1.021307166758808,-1.0213071667588258,-2.015727290785208,0.30427267354376886,0.335154206832905,1.3855619624582058,1.3855619624582058,1.3855619624582058,21.72689215655034,2.8688239753753666,-11.544439129639361,1.0
140.0,1.95,-1.0265719347470958,-1.026571934747107,-2.0167389751804885,0.3036058526088861,0.33457296983600543,1.385323032157412,1.385323032157412,1.385323032157412,21.726667945230698,2.858201424224574,-11.594715916154252,1.0
140.0,1.94,-1.0318211849914067,-1.0318211849913215,-2.0177514507983707,0.30293537994415715,0.3339886281740192,1.3850818445788873,1.3850818445788873,1.3850818445788873,21.72644277343832,2.8475499894985754,-11.645011035806363,1.0
140.0,1.93,-1.037054951610668,-1.03705495161066,-2.0187647093069856,0.30226122194683586,0.3334011519940331,1.3848382591658308,1.3848382591658308,1.3848382591658308,21.726216532293794,2.836869467233128,-11.695325135092066,1.0
140.0,1.92,-1.042273271869879,-1.042273271869861,-2.019778742571342,0.3015833449019527,0.3328105113902568,1.3845921365003058,1.3845921365003058,1.3845921365003058,21.725989115993407,2.8261596569790965,-11.745658837662832,1.0
140.0,1.91,-1.047476186003639,-1.047476186003652,-2.020793542649453,0.30090171497572044,0.33221667639743974,1.3843433382394723,1.3843433382394723,1.3843433382394723,21.72576042172973,2.815420361719827,-11.796012744840603,1.0
140.0,1.9,-1.0526637370484029,-1.0526637370483791,-2.0218091017882176,0.30021629820896534,0.3316196169843059,1.3840917270521886,1.3840917270521886,1.3840917270521886,21.72553034961252,2.804651387790515,-11.846387436118823,1.0
140.0,1.89,-1.0578359706810068,-1.0578359706810474,-2.022825412419644,0.2995270605106278,0.3310193030470473,1.383837166555724,1.383837166555724,1.383837166555724,21.725298802591745,2.7938525447998224,-11.896783469651268,1.0
140.0,1.88,-1.0629929350654244,-1.0629929350653813,-2.0238424671566997,0.29883396765129333,0.33041570440284124,1.383579521252869,1.383579521252869,1.383579521252869,21.72506568638262,2.7830236455539,-11.947201382728284,1.0
140.0,1.87,-1.068134680705556,-1.0681346807055268,-2.024860258789647,0.2981369852567746,0.3298087907834071,1.3833186564693973,1.3833186564693973,1.3833186564693973,21.724830909392132,2.772164505982471,-11.997641692239359,1.0
140.0,1.86,-1.0732612603048397,-1.0732612603048057,-2.0258787802817984,0.2974360788017403,0.3291985318285986,1.3830544382914165,1.3830544382914165,1.3830544382914165,21.724594382647027,2.76127494506722,-12.048104895124826,1.0
140.0,1.85,-1.0783727286325857,-1.078372728632566,-2.0268980247660515,0.29673121360339355,0.32858489708003863,1.3827867335034887,1.3827867335034887,1.3827867335034887,21.724356019725093,2.7503547847723864,-12.098591468813899,1.0
140.0,1.84,-1.0834691423950857,-1.0834691423950513,-2.0279179855409377,0.29602235481515726,0.3279678559747416,1.3825154095262135,1.3825154095262135,1.3825154095262135,21.724115736684784,2.739403849977029,-12.149101871651778,1.0
140.0,1.83,-1.0885505601145775,-1.0885505601145642,-2.0289386560666682,0.29530946742045644,0.3273473778388294,1.3822403343549208,1.3822403343549208,1.3822403343549208,21.72387345200066,2.728421968410313,-12.199636543312794,1.0
140.0,1.82,-1.0936170420115487,-1.0936170420115208,-2.0299600299618015,0.29459251622647553,0.3267234318812002,1.3819613764975371,1.3819613764975371,1.3819613764975371,21.723629086496768,2.717408970587667,-12.25019590520482,1.0
140.0,1.81,-1.09866864989417,-1.0986686498941922,-2.030982100999119,0.29387146585801704,0.32609598718728955,1.3816784049133795,1.3816784049133795,1.3816784049133795,21.72338256328425,2.706364689750305,-12.300780360858662,1.0
140.0,1.8,-1.1037054470520957,-1.1037054470520706,-2.0320048631023,0.2931462807513306,0.32546501271278433,1.3813912889516053,1.3813912889516053,1.3813912889516053,21.723133807698872,2.6952889618055247,-12.351390296308356,1.0
140.0,1.79,-1.1087274981548998,-1.1087274981548667,-2.033028310342211,0.2924169251480162,0.3248304772773935,1.381099898289811,1.381099898289811,1.381099898289811,21.722882747240448,2.6841816252697024,-12.402026080459034,1.0
140.0,1.78,-1.1137348691559648,-1.1137348691560143,-2.034052436933417,0.29168336308895143,0.3241923495586263,1.3808041028727345,1.3808041028727345,1.3808041028727345,21.722629311514968,2.673042521213226,-12.452688065444853,1.0
140.0,1.77,-1.1187276272007822,-1.1187276272007527,-2.0350772372306314,0.2909455584082364,0.3235505980855687,1.380503772850956,1.380503772850956,1.380503772850956,21.7223734321761,2.661871493206796,-12.503376586974001,1.0
140.0,1.76,-1.1237058405385774,-1.1237058405386287,-2.0361027057253542,0.2902034747271624,0.32290519123266215,1.38019877851937,1.38019877851937,1.38019877851937,21.72211504286991,2.650668387270149,-12.554091964665695,1.0
140.0,1.75,-1.1286695784398377,-1.1286695784398033,-2.0371288370423657,0.28945707544821586,0.3222560972134976,1.3798889902558158,1.3798889902558158,1.3798889902558158,21.721854079180066,2.639433051822323,-12.60483450237439,1.0
140.0,1.74,-1.1336189111158357,-1.1336189111158792,-2.038155625936567,0.2887063237490905,0.32160328407459143,1.3795742784593268,1.3795742784593268,1.3795742784593268,21.72159047857473,2.6281653376336225,-12.655604488505658,1.0
140.0,1.73,-1.1385539096441748,-1.1385539096441732,-2.0391830672895255,0.2879511825767311,0.32094671968917204,1.379254513488538,1.379254513488538,1.379254513488538,21.721324180354163,2.6168650977796357,-12.706402196319182,1.0
140.0,1.72,-1.143474645895697,-1.1434746458957261,-2.040211156106399,0.28719161464137066,0.32028637175093017,1.3789295655994622,1.3789295655994622,1.3789295655994622,21.721055125600977,2.605532187596605,-12.757227884225616,1.0
140.0,1.71,-1.1483811924666634,-1.1483811924666625,-2.0412398875126607,0.286427582410598,0.3196222077677719,1.3785993048832872,1.3785993048832872,1.3785993048832872,21.720783257130428,2.5941664646386826,-12.808081796071079,1.0
140.0,1.7,-1.1532736226134,-1.1532736226133857,-2.042269256751057,0.2856590481034313,0.3189541950555488,1.3782636012038125,1.3782636012038125,1.3782636012038125,21.720508519442422,2.582767788636751,-12.858964161412526,1.0
140.0,1.69,-1.1581520101902683,-1.158152010190331,-2.043299259178409,0.28488597368438906,0.31828230073175207,1.3779223241343561,1.3779223241343561,1.3779223241343561,21.72023085867404,2.57133602145878,-12.909875195784416,1.0
140.0,1.68,-1.1630164295911147,-1.1630164295911247,-2.0443298902627434,0.2841083208575783,0.31760649170919125,1.3775753428944542,1.3775753428944542,1.3775753428944542,21.719950222555113,2.5598710270719334,-12.960815100956351,1.0
140.0,1.67,-1.167866955692663,-1.1678669556926604,-2.0453611455803133,0.28332605106075304,0.3169267346896042,1.3772225262858253,1.3772225262858253,1.3772225262858253,21.71966656036211,2.5483726715056285,-13.011784065181274,1.0
140.0,1.66,-1.1727036638019248,-1.1727036638019281,-2.0463930208125882,0.28253912545940923,0.3162429961572699,1.376863742628064,1.376863742628064,1.376863742628064,21.719379822875982,2.53684082281689,-13.062782263435034,1.0
140.0,1.65,-1.177526629605541,-1.17752662960556,-2.0474255117434508,0.2817475049408476,0.31555524237254234,1.3764988596935563,1.3764988596935563,1.3764988596935563,21.719089962338906,2.5252753510564565,-13.11380985764737,1.0
140.0,1.64,-1.182335929121805,-1.1823359291217894,-2.0484586142564307,0.2809511501082276,0.31486343936533867,1.3761277446417617,1.3761277446417617,1.3761277446417617,21.718796932413465,2.513676128236572,-13.164866996925152,1.0
140.0,1.63,-1.187131638655138,-1.1871316386551238,-2.0494923243319003,0.28015002127461297,0.3141675529285681,1.3757502639528172,1.3757502639528172,1.3757502639528172,21.718500688141855,2.502043028300039,-13.21595381776607,1.0
140.0,1.62,-1.1919138347528506,-1.191913834752897,-2.050526638044381,0.2793440784569918,0.3134675486114881,1.3753662833602371,1.3753662833602371,1.3753662833602371,21.718201185906448,2.4903759270906227,-13.267070444265556,1.0
140.0,1.61,-1.1966825941646975,-1.1966825941647379,-2.0515615515598666,0.27853328137028993,0.3127633917130062,1.374975667783013,1.374975667783013,1.374975667783013,21.717898383392,2.478674702324794,-13.318216988314985,1.0
140.0,1.6,-1.2014379938033508,-1.201437993803348,-2.0525970611332314,0.2777175894213274,0.3120550472748632,1.374578281256372,1.374578281256372,1.374578281256372,21.7175922395475,2.4669392335644122,-13.369393549793108,1.0
140.0,1.59,-1.2061801107082812,-1.2061801107083192,-2.0536331631057094,0.27689696170279693,0.31134248007479,1.374173986862015,1.374173986862015,1.374173986862015,21.717282714549896,2.455169402191142,-13.420600216747996,1.0
140.0,1.58,-1.2109090220106173,-1.210909022010621,-2.0546698539022685,0.27607135698715024,0.31062565461950253,1.3737626466568063,1.3737626466568063,1.3737626466568063,21.71696976976763,2.443365091381476,-13.471837065573377,1.0
140.0,1.57,-1.2156248049002232,-1.2156248049002765,-2.055707130029218,0.2752407337204794,0.3099045351376347,1.3733441216006779,1.3733441216006779,1.3733441216006779,21.716653367727044,2.431526186083132,-13.523104161177656,1.0
140.0,1.56,-1.2203275365948345,-1.2203275365948265,-2.05674498807181,0.27440505001635207,0.30917908557255386,1.3729182714831498,1.3729182714831498,1.3729182714831498,21.716333472076887,2.4196525729926295,-13.574401557143634,1.0
140.0,1.55,-1.2250172943101663,-1.2250172943101594,-2.0577834246917557,0.2735642636495918,0.30844926957505064,1.372484954848496,1.372484954848496,1.372484954848496,21.716010047555745,2.4077441405337408,-13.625729295883643,1.0
140.0,1.54,-1.229694155232254,-1.229694155232233,-2.0588224366250385,0.2727183320500055,0.307715050495899,1.3720440289195175,1.3720440289195175,1.3720440289195175,21.71568305995915,2.395800778836861,-13.677087408786685,1.0
140.0,1.53,-1.234358196491136,-1.2343581964911254,-2.0598620206794527,0.27186721229605854,0.30697639137828797,1.3715953495199118,1.3715953495199118,1.3715953495199118,21.71535247610793,2.3838223797196925,-13.72847591635853,1.0
140.0,1.52,-1.2390094951361468,-1.2390094951361386,-2.060902173732428,0.2710108611084747,0.30623325495009057,1.3711387709950362,1.3711387709950362,1.3711387709950362,21.715018263816617,2.3718088366684773,-13.779894828355022,1.0
140.0,1.51,-1.243648128112217,-1.2436481281122176,-2.0619428927287933,0.2701492348437843,0.3054856036159927,1.3706741461308336,1.3706741461308336,1.3706741461308336,21.714680391863396,2.3597600448204377,-13.831344143909886,1.0
140.0,1.5,-1.2482741722380868,-1.2482741722380803,-2.0629841746786868,0.2692822894877842,0.30473339944944355,1.3702013260712331,1.3702013260712331,1.3702013260712331,21.714338829960425,2.347675900946774,-13.882823851654912,1.0
140.0,1.49,-1.2528877041851896,-1.2528877041851998,-2.0640260166553315,0.26840998064891436,0.3039766041844193,1.3697201602333962,1.3697201602333962,1.3697201602333962,21.713993548723717,2.335556303436614,-13.934333929833878,1.0
140.0,1.48,-1.2574888004583022,-1.257488800458328,-2.0650684157929087,0.2675322635515566,0.30321517920700936,1.3692304962211839,1.3692304962211839,1.3692304962211839,21.713644519645783,2.3234011522818148,-13.985874346410974,1.0
140.0,1.47,-1.262077537377224,-1.2620775373772743,-2.0661113692845867,0.2666490930292435,0.302449085546802,1.368732179736499,1.368732179736499,1.368732179736499,21.713291715066703,2.3112103490623994,-14.037445059171368,1.0
140.0,1.46,-1.266653991059198,-1.266653991059174,-2.0671548743804697,0.26576042351773377,0.3016782838680205,1.3682250544882077,1.3682250544882077,1.3682250544882077,21.71293510814695,2.298983796932541,-14.089046015817518,1.0
140.0,1.45,-1.2712182374026881,-1.2712182374026881,-2.0681989283855,0.2648662090480366,0.3009027344604858,1.3677089620989187,1.3677089620989187,1.3677089620989187,21.712574672840994,2.286721400607519,-14.140677154058597,1.0
140.0,1.44,-1.2757703520725643,-1.2757703520725834,-2.0692435286577266,0.26396640323925435,0.30012239723027595,1.367183742009357,1.367183742009357,1.367183742009357,21.71221038387027,2.274423066351015,-14.192338401692693,1.0
140.0,1.43,-1.28031041048539,-1.2803104104854144,-2.07028867260614,0.26306095929135986,0.29933723169017507,1.3666492313798353,1.3666492313798353,1.3666492313798353,21.711842216697733,2.262088701963049,-14.244029676685187,1.0
140.0,1.42,-1.2848384877962409,-1.2848384877962253,-2.071334357688937,0.26214982997778763,0.2985471969498047,1.3661052649892742,1.3661052649892742,1.3661052649892742,21.711470147502112,2.2497182167684073,-14.295750887239455,1.0
140.0,1.41,-1.289354658886191,-1.289354658886202,-2.0723805814116054,0.261232967637934,0.29775225170550834,1.3655516751312247,1.3655516751312247,1.3655516751312247,21.71109415315379,2.2373115216056076,-14.347501931863238,1.0
140.0,1.4,-1.2938589983509332,-1.293858998350957,-2.0734273413251576,0.2603103241694754,0.2969523542299002,1.364988291506937,1.364988291506937,1.364988291506937,21.71071421118922,2.224868528816325,-14.399282699426722,1.0
140.0,1.39,-1.2983515804896248,-1.29835158048964,-2.074474635024166,0.25938185102052813,0.2961474623610882,1.3644149411150883,1.3644149411150883,1.3644149411150883,21.710330299788467,2.212389152234974,-14.451093069218558,1.0
140.0,1.38,-1.3028324792949246,-1.3028324792948887,-2.075522460145213,0.25844749918165133,0.29533753349156583,1.36383144813831,1.36383144813831,1.36383144813831,21.70994239774992,2.199873307178912,-14.5029329109918,1.0
140.0,1.37,-1.307301768443675,-1.3073017684436565,-2.076570814364991,0.25750721917766006,0.294522524556734,1.3632376338261758,1.3632376338261758,1.3632376338261758,21.709550484468533,2.187320910438758,-14.55480208500773,1.0
140.0,1.36,-1.31175952128824,-1.311759521288273,-2.0776196953987145,0.25656096105923637,0.29370239202302206,1.3626333163744384,1.3626333163744384,1.3626333163744384,21.70915453991221,2.174731880268845,-14.606700442071585,1.0
140.0,1.35,-1.3162058108485644,-1.3162058108485548,-2.078669100998244,0.2556086743943669,0.2928770918756378,1.3620183108003854,1.3620183108003854,1.3620183108003854,21.708754544599312,2.162106136378279,-14.658627823563247,1.0
140.0,1.34,-1.320640709804542,-1.3206407098045465,-2.079719028950712,0.25465030825952395,0.29204657960584285,1.3613924288141819,1.3613924288141819,1.3613924288141819,21.708350479577653,2.1494435999215873,-14.710584061463235,1.0
140.0,1.33,-1.3250642904894383,-1.3250642904894328,-2.0807694770765788,0.2536858112306381,0.29121081019779566,1.3607554786858036,1.3607554786858036,1.3607554786858036,21.707942326401394,2.1367441934897746,-14.762568978370902,1.0
140.0,1.32,-1.3294766248836065,-1.329476624883629,-2.081820443228263,0.25271513137383,0.2903697381149172,1.360107265107627,1.360107265107627,1.360107265107627,21.707530067110447,2.1240078411013212,-14.81458238751824,1.0
140.0,1.31,-1.3338777846087975,-1.3338777846087977,-2.082871925288438,0.2517382162358692,0.2895233172857317,1.359447589052133,1.359447589052133,1.359447589052133,21.707113684209304,2.111234468193185,-14.866624092777721,1.0
140.0,1.3,-1.338267840922967,-1.3382678409229507,-2.0839239211684895,0.25075501283437,0.2886715010891828,1.3587762476247678,1.3587762476247678,1.3587762476247678,21.70669316064629,2.0984240016115825,-14.918693888664006,1.0
140.0,1.29,-1.3426468647155643,-1.3426468647155152,-2.084976428806993,0.24976546764769073,0.2878142423393752,1.358093033911465,1.358093033911465,1.358093033911465,21.706268479792854,2.0855763696028,-14.97079156032971,1.0
140.0,1.28,-1.347014926503186,-1.3470149265032092,-2.0860294461681956,0.2487695266045213,0.2869514932697113,1.3573977368207701,1.3573977368207701,1.3573977368207701,21.705839625423373,2.072691501803473,-15.022916883555412,1.0
140.0,1.27,-1.351372096426276,-1.3513720964262712,-2.087082971240513,0.2477671350731527,0.28608320551640537,1.3566901409202958,1.3566901409202958,1.3566901409202958,21.70540658169531,2.0597693292309804,-15.075069624733203,1.0
140.0,1.26,-1.355718444245027,-1.3557184442450314,-2.088137002035064,0.2467582378503989,0.28520933010132193,1.3559700262668295,1.3559700262668295,1.3559700262668295,21.704969333129675,2.0468097842731554,-15.127249540845444,1.0
140.0,1.25,-1.3600540393367606,-1.3600540393367837,-2.08919153658423,0.24574277915014575,0.28432981741409996,1.355237168230331,1.355237168230331,1.355237168230331,21.70452786459133,2.0338128006776985,-15.17945637943596,1.0
140.0,1.24,-1.3643789506934212,-1.3643789506934065,-2.0902465729401913,0.24472070259151818,0.2834446171935384,1.354491337311273,1.354491337311273,1.354491337311273,21.704082161269643,2.0207783135410136,-15.23168987857515,1.0
140.0,1.23,-1.36869324691907,-1.3686932469190591,-2.0913021091735042,0.24369195118663986,0.28255367850819046,1.3537322989507992,1.3537322989507992,1.3537322989507992,21.703632208659965,2.007706259296684,-15.283949766819598,1.0
140.0,1.22,-1.372996996228152,-1.3729969962281559,-2.0923581433717806,0.24265646732795126,0.28165694973611805,1.3529598133335992,1.3529598133335992,1.3529598133335992,21.703177992544564,1.9945965757029167,-15.336235763164668,1.0
140.0,1.21,-1.377290266443772,-1.3772902664437556,-2.093414673638237,0.241614192775069,0.28075437854376223,1.3521736351829772,1.3521736351829772,1.3521736351829772,21.70271949897355,1.9814492018294945,-15.388547576989973,1.0
140.0,1.2,-1.381573124996393,-1.3815731249963905,-2.094471698090402,0.24056506864116595,0.2798459118638933,1.3513735135477987,1.3513735135477987,1.3513735135477987,21.702256714248136,1.9682640780439296,-15.440884908000355,1.0
140.0,1.19,-1.3858456389230402,-1.3858456389230094,-2.095529214858699,0.23950903537883209,0.278931495872568,1.3505591915808919,1.3505591915808919,1.3505591915808919,21.701789624899916,1.9550411459965118,-15.493247446155609,1.0
140.0,1.18,-1.3901078748660833,-1.390107874866056,-2.0965872220851756,0.23844603276538495,0.27801107596503827,1.349730406308182,1.349730406308182,1.349730406308182,21.701318217675404,1.9417803486044662,-15.54563487159916,1.0
140.0,1.17,-1.3943598990733843,-1.3943598990733792,-2.09764571792221,0.2373759998876194,0.27708459673058194,1.3488868883887584,1.3488868883887584,1.3488868883887584,21.70084247951643,1.9284816300350218,-15.598046854573681,1.0
140.0,1.16,-1.3986017773973727,-1.3986017773973776,-2.098704700531188,0.23629887512591408,0.27615200192612965,1.348028361864355,1.348028361864355,1.348028361864355,21.700362397543305,1.9151449356870474,-15.650483055333945,1.0
140.0,1.15,-1.4028335752957626,-1.4028335752958205,-2.099764168081275,0.23521459613774587,0.27521323444872065,1.347154543898982,1.347154543898982,1.347154543898982,21.6998779590372,1.9017702121717663,-15.702943124048614,1.0
140.0,1.14,-1.4070553578310376,-1.4070553578310268,-2.1008241187480894,0.23412309984046178,0.27426823630659247,1.3462651445066443,1.3462651445066443,1.3462651445066443,21.699389151422558,1.8883574072915956,-15.75542670069717,1.0
140.0,1.13,-1.411267189671169,-1.4112671896711484,-2.101884550712548,0.23302432239336623,0.27331694858894096,1.3453598662680952,1.3453598662680952,1.3453598662680952,21.69889596224997,1.8749064700176687,-15.807933414956583,1.0
140.0,1.12,-1.4154691350904234,-1.4154691350903925,-2.1029454621595525,0.23191819917903672,0.2723593114342132,1.3444384040349124,1.3444384040349124,1.3444384040349124,21.69839837917951,1.861417350465807,-15.86046288608078,1.0
140.0,1.11,-1.4196612579696692,-1.4196612579697092,-2.1040068512769,0.23080466478381334,0.2713952639968438,1.3435004446204695,1.3435004446204695,1.3435004446204695,21.69789638996317,1.8478899998703706,-15.9130147227715,1.0
140.0,1.1,-1.4238436217977477,-1.4238436217977086,-2.105068716253951,0.22968365297744153,0.2704247444123772,1.3425456664774285,1.3425456664774285,1.3425456664774285,21.697389982428756,1.8343243705563688,-15.965588523040427,1.0
140.0,1.09,-1.428016289672041,-1.4280162896720756,-2.106131055280554,0.22855509669181406,0.269447689760866,1.3415737393605849,1.3415737393605849,1.3415737393605849,21.69687914446279,1.8207204159096246,-16.018183874061755,1.0
140.0,1.08,-1.432179324300448,-1.4321793243004524,-2.1071938665458383,0.22741892799873664,0.2684640360284328,1.340584323974608,1.340584323974608,1.340584323974608,21.69636386399392,1.8070780903444479,-16.070800352015038,1.0
140.0,1.07,-1.436332788002078,-1.4363327880020405,-2.108257148237094,0.22627507808667907,0.2674737180668967,1.3395770716053914,1.3395770716053914,1.3395770716053914,21.695844128976912,1.7933973492691133,-16.12343752191959,1.0
140.0,1.06,-1.4404767427090497,-1.4404767427090084,-2.1093208985385488,0.22512347723646317,0.26647666955136773,1.3385516237344948,1.3385516237344948,1.3385516237344948,21.695319927376197,1.7796781490487952,-16.176094937457616,1.0
140.0,1.05,-1.4446112499680757,-1.4446112499680326,-2.1103851156304154,0.22396405479577755,0.2654728229356369,1.3375076116355566,1.3375076116355566,1.3375076116355566,21.69479124714976,1.7659204469658158,-16.228772140786877,1.0
140.0,1.04,-1.4487363709422458,-1.448736370942253,-2.1114497976876065,0.22279673915251708,0.26446210940530046,1.336444655951614,1.336444655951614,1.336444655951614,21.694258076233062,1.7521242011770095,-16.281468662342533,1.0
140.0,1.03,-1.452852166412862,-1.4528521664128624,-2.1125149428787915,0.22162145770682673,0.2634444588284287,1.3353623662522072,1.3353623662522072,1.3353623662522072,21.693720402523322,1.738289370668022,-16.334184020627706,1.0
140.0,1.02,-1.4569586967811778,-1.4569586967811632,-2.1135805493651962,0.22043813684176913,0.2624197997036287,1.334260340569126,1.334260340569126,1.334260340569126,21.693178213863206,1.7244159152043785,-16.386917721991555,1.0
140.0,1.01,-1.4610560220707014,-1.4610560220707254,-2.1146466152996264,0.21924670189259735,0.2613880591054064,1.3331381649096534,1.3331381649096534,1.3331381649096534,21.692631498025904,1.7105037952791449,-16.43966926039559,1.0
140.0,1.0,-1.4651442019290828,-1.4651442019290624,-2.1157131388253783,0.21804707711445415,0.2603491626265664,1.3319954127455789,1.3319954127455789,1.3319954127455789,21.6920802426991,1.6965529720570076,-16.492438117166767,1.0
140.0,0.99,-1.4692232956303632,-1.4692232956303706,-2.116780118075242,0.2168391856484917,0.25930303431755714,1.3308316444771224,1.3308316444771224,1.3308316444771224,21.691524435469816,1.6825634073142397,-16.545223760736583,1.0
140.0,0.98,-1.4732933620771504,-1.4732933620770792,-2.1178475511704344,0.2156229494862539,0.25824959662250807,1.3296464068695086,1.3296464068695086,1.3296464068695086,21.690964063808728,1.6685350633747875,-16.59802564636656,1.0
140.0,0.97,-1.47735445980303,-1.4773544598030564,-2.1189154362196407,0.21439828943226133,0.2571887703118025,1.3284392324613976,1.3284392324613976,1.3284392324613976,21.6903991150554,1.6544679030419558,-16.650843215858128,1.0
140.0,0.96,-1.481406646974725,-1.4814066469747424,-2.119983771318017,0.21316512506465127,0.25612047441091945,1.3272096389422678,1.3272096389422678,1.3272096389422678,21.68982957640298,1.640361889525455,-16.703675897248246,1.0
140.0,0.95,-1.4854499813947464,-1.4854499813947757,-2.121052554546191,0.2119233746937845,0.2550446261253583,1.3259571284982654,1.3259571284982654,1.3259571284982654,21.689255434883265,1.6262169863635516,-16.75652310448666,1.0
140.0,0.94,-1.4894845205034977,-1.4894845205034517,-2.122121783969291,0.21067295531866675,0.2539611407613451,1.324681187122965,1.324681187122965,1.324681187122965,21.68867667735225,1.6120331573400932,-16.80938423709846,1.0
140.0,0.93,-1.4935103213819605,-1.4935103213819938,-2.123191457636096,0.209413782581087,0.2528699316421117,1.3233812838921986,1.3233812838921986,1.3233812838921986,21.68809329047487,1.5978103663960868,-16.862258679825892,1.0
140.0,0.92,-1.4975274407542136,-1.497527440754171,-2.124261573577967,0.20814577071729412,0.2517709100194048,1.3220568701994537,1.3220568701994537,1.3220568701994537,21.687505260710985,1.5835485775353977,-16.915145802253917,1.0
140.0,0.91,-1.5015359349897106,-1.5015359349897515,-2.1253321298080707,0.20686883250707785,0.25066398497994824,1.3207073789502883,1.3207073789502883,1.3207073789502883,21.686912574300596,1.5692477547245436,-16.968044958413333,1.0
140.0,0.9,-1.5055358601062359,-1.5055358601062123,-2.1264031243204293,0.20558287922008783,0.24954906334651397,1.3193322237121985,1.3193322237121985,1.3193322237121985,21.68631521724989,1.554907861785621,-17.020955486365104,1.0
140.0,0.89,-1.50952727177193,-1.5095272717719144,-2.127474555088948,0.2042878205592373,0.24842604957326977,1.3179307978174934,1.3179307978174934,1.3179307978174934,21.68571317531722,1.5405288622829358,-17.073876707761187,1.0
140.0,0.88,-1.5135102253082386,-1.51351022530824,-2.12854642006674,0.20298356460094427,0.24729484563496146,1.316502473415877,1.316502473415877,1.316502473415877,21.68510643399851,1.526110719401884,-17.126807927381957,1.0
140.0,0.87,-1.517484775692349,-1.5174847756923695,-2.129618717185138,0.2016700177321155,0.2461553509096151,1.3150466004731811,1.3150466004731811,1.3150466004731811,21.68449497851424,1.5116533958205094,-17.179748432650133,1.0
140.0,0.86,-1.5214509775598002,-1.5214509775597642,-2.130691444352884,0.2003470845835429,0.24500746205420568,1.3135625057127025,1.3135625057127025,1.3135625057127025,21.683878793795316,1.497156853572732,-17.232697493117467,1.0
140.0,0.85,-1.525408885206838,-1.5254088852068493,-2.1317645994553973,0.19901466795958384,0.24385107287290672,1.3120494914949719,1.3120494914949719,1.3120494914949719,21.683257864470093,1.4826210539032476,-17.285654359924955,1.0
140.0,0.84,-1.5293585525933475,-1.5293585525933842,-2.1328381803538545,0.19767266876383047,0.2426860741773585,1.3105068346317466,1.3105068346317466,1.3105068346317466,21.6826321748505,1.4680459571131816,-17.338618265232718,1.0
140.0,0.83,-1.5333000333450144,-1.533300033345032,-2.133912184884516,0.19632098592050837,0.24151235363839696,1.3089337851293523,1.3089337851293523,1.3089337851293523,21.68200170891969,1.4534315223961611,-17.39158842162076,1.0
140.0,0.82,-1.537233380756029,-1.5372333807560363,-2.1349866108579683,0.1949595162913525,0.24032979562867648,1.3073295648564827,1.3073295648564827,1.3073295648564827,21.681366450318123,1.4387777076643244,-17.444564021454948,1.0
140.0,0.81,-1.5411586477915244,-1.5411586477915595,-2.1360614560582905,0.19358815458763237,0.23913828105550164,1.3056933661306551,1.3056933661306551,1.3056933661306551,21.680726382332324,1.4240844693634986,-17.497544236221035,1.0
140.0,0.8,-1.5450758870901486,-1.5450758870901928,-2.137136718242441,0.1922067932770173,0.2379376871831868,1.3040243502175097,1.3040243502175097,1.3040243502175097,21.6800814878811,1.4093517622769733,-17.550528215819206,1.0
140.0,0.79,-1.5489851509664252,-1.5489851509664083,-2.1382123951394836,0.1908153224849385,0.2367278874441829,1.3023216457362001,1.3023216457362001,1.3023216457362001,21.679431749503944,1.3945795393173304,-17.603515087821552,1.0
140.0,0.78,-1.5528864914131204,-1.552886491413111,-2.1392884844499367,0.1894136298900462,0.23550875123811582,1.3005843469639455,1.3005843469639455,1.3005843469639455,21.678777149348615,1.379767751305279,-17.656503956686958,1.0
140.0,0.77,-1.556779960103707,-1.556779960103649,-2.1403649838451684,0.18800160061340565,0.23428014371789355,1.2988115120316428,1.2988115120316428,1.2988115120316428,21.678117669159956,1.3649163467350074,-17.70949390293324,1.0
140.0,0.76,-1.560665608394562,-1.560665608394502,-2.1414418909666115,0.18657911710095829,0.23304192556186165,1.2970021610023876,1.2970021610023876,1.2970021610023876,21.677453290268094,1.3500252715252246,-17.762483982260974,1.0
140.0,0.75,-1.564543487327561,-1.564543487327546,-2.1425192034252887,0.18514605899880554,0.23179395273098113,1.295155273823464,1.295155273823464,1.295155273823464,21.67678399357668,1.3350944687548698,-17.815473224627162,1.0
140.0,0.74,-1.5684136476319208,-1.5684136476319377,-2.1435969188011845,0.18370230302077817,0.23053607620983485,1.2932697881413555,1.2932697881413555,1.2932697881413555,21.676109759552677,1.3201238783823412,-17.868460633267407,1.0
140.0,0.73,-1.5722761397267748,-1.572276139726776,-2.144675034642554,0.18224772280778995,0.22926814173026405,1.2913445969692863,1.2913445969692863,1.2913445969692863,21.675430568214765,1.3051134369478792,-17.921445183658523,1.0
140.0,0.72,-1.5761310137229272,-1.5761310137229378,-2.1457535484655317,0.1807821887783285,0.2279899894761956,1.2893785461943967,1.2893785461943967,1.2893785461943967,21.674746399124256,1.2900630772571837,-17.97442582242337,1.0
140.0,0.71,-1.5799783194253296,-1.579978319425282,-2.1468324577535176,0.1793055679695114,0.22670145376823636,1.2873704319116694,1.2873704319116694,1.2873704319116694,21.6740572313731,1.2749727280457832,-18.02740146616687,1.0
140.0,0.7,-1.5838181063346852,-1.5838181063346775,-2.1479117599566155,0.1778177238679288,0.22540236272630862,1.2853189975695316,1.2853189975695316,1.2853189975695316,21.673363043575936,1.2598423136223302,-18.080371000246426,1.0
140.0,0.69,-1.587650423649784,-1.5876504236497784,-2.148991452491268,0.17631851622959724,0.22409253790861194,1.2832229309111833,1.2832229309111833,1.2832229309111833,21.672663813859135,1.2446717534899134,-18.133333277464182,1.0
140.0,0.68,-1.5914753202690843,-1.5914753202690675,-2.150071532739645,0.1748078008881436,0.22277179392487417,1.28108086069355,1.28108086069355,1.28108086069355,21.671959519852617,1.2294609619434032,-18.186287116682056,1.0
140.0,0.67,-1.59529284479277,-1.595292844792756,-2.1511519980493143,0.17328542955036763,0.22143993802177286,1.2788913531644472,1.2788913531644472,1.2788913531644472,21.671250138680527,1.2142098476417216,-18.23923130134879,1.0
140.0,0.66,-1.5991030455242028,-1.5991030455242223,-2.1522328457327617,0.171751249578195,0.2200967696381275,1.2766529082756382,1.2766529082756382,1.2766529082756382,21.67053564695294,1.198918313153003,-18.292164577936123,1.0
140.0,0.65,-1.6029059704719857,-1.6029059704720043,-2.1533140730669906,0.17020510375593034,0.2187420799272098,1.2743639556084327,1.2743639556084327,1.2743639556084327,21.669816020757793,1.183586254470519,-18.34508565427488,1.0
140.0,0.64,-1.606701667350943,-1.6067016673509424,-2.15439567729309,0.16864683004174727,0.2173756512433718,1.2720228499840127,1.2720228499840127,1.2720228499840127,21.6690912356533,1.1682135604979953,-18.397993197785063,1.0
140.0,0.63,-1.6104901835840517,-1.6104901835841074,-2.1554776556160222,0.16707626130199424,0.21599725658964974,1.2696278667301533,1.2696278667301533,1.2696278667301533,21.668361266660682,1.1528001125011587,-18.45088583358964,1.0
140.0,0.62,-1.6142715663037588,-1.614271566303745,-2.156560005204103,0.1654932250271021,0.214606659022968,1.2671771965699794,1.2671771965699794,1.2671771965699794,21.667626088256775,1.1373457835239873,-18.503762142504083,1.0
140.0,0.61,-1.6180458623530078,-1.6180458623530103,-2.1576427231887685,0.16389754302743925,0.21320361101289995,1.2646689400968811,1.2646689400968811,1.2646689400968811,21.66688567436817,1.121850437766049,-18.55662065889267,1.0
140.0,0.6,-1.6218131182865199,-1.6218131182865572,-2.1587258066642825,0.16228903110751486,0.2117878537497008,1.2621011017940889,1.2621011017940889,1.2621011017940889,21.66613999836527,1.1063139299188276,-18.609459868378355,1.0
140.0,0.59,-1.6255733803720842,-1.6255733803720895,-2.1598092526873454,0.16066749871667751,0.210359116396768,1.2594715835534358,1.2594715835534358,1.2594715835534358,21.66538903305617,1.0907361044572128,-18.662278205394983,1.0
140.0,0.58,-1.6293266945909828,-1.6293266945909815,-2.1608930582770016,0.15903274857428518,0.2089171152821264,1.2567781776414475,1.2567781776414475,1.2567781776414475,21.664632750682255,1.0751167948827862,-18.71507405056965,1.0
140.0,0.57,-1.6330731066391875,-1.6330731066391588,-2.1619772204141277,0.15738457626711544,0.20746155302294103,1.2540185590556787,1.2540185590556787,1.2540185590556787,21.66387112291269,1.0594558229150917,-18.767845727918033,1.0
140.0,0.56,-1.6368126619278778,-1.6368126619278693,-2.1630617360414277,0.15572276981658906,0.20599211757637476,1.2511902772062362,1.2511902772062362,1.2511902772062362,21.663104120841293,1.043752997626631,-18.820591501839555,1.0
140.0,0.55,-1.6405454055839013,-1.6405454055838438,-2.1641466020630404,0.1540471092129984,0.2045084812091652,1.248290746849623,1.248290746849623,1.248290746849623,21.662331714982297,1.028008114516299,-18.873309573891575,1.0
140.0,0.54,-1.644271382450103,-1.6442713824500612,-2.1652318153442938,0.15235736591387222,0.20301029937766013,1.2453172381927484,1.2453172381927484,1.2453172381927484,21.6615538752671,1.0122209545168455,-18.925998079323648,1.0
140.0,0.53,-1.6479906370854571,-1.6479906370854798,-2.166317372711584,0.15065330230294322,0.2014972095086122,1.2422668660739535,1.2422668660739535,1.2422668660739535,21.660770571042594,0.9963912829297235,-18.97865508335134,1.0
140.0,0.52,-1.6517032137652794,-1.6517032137653038,-2.1674032709520055,0.14893467110617042,0.19996882967022883,1.2391365781157497,1.2391365781157497,1.2391365781157497,21.659981771068043,0.980518848281357,-19.031278577140917,1.0
140.0,0.51,-1.6554091564805784,-1.6554091564805942,-2.168489506813137,0.14720121476052808,0.19842475712125368,1.2359231417292427,1.2359231417292427,1.2359231417292427,21.659187443514174,0.9646033810932052,-19.08386647348186,1.0
140.0,0.5,-1.6591085089378705,-1.6591085089378474,-2.1695760770028496,0.1454526647310388,0.19686456672453667,1.2326231298341972,1.2326231298341972,1.2326231298341972,21.658387555962573,0.9486445925578839,-19.136416602113574,1.0
140.0,0.49,-1.662801314558347,-1.6628013145584057,-2.170662978188947,0.14368874077079247,0.1952878092094832,1.2292329051388258,1.2292329051388258,1.2292329051388258,21.657582075404985,0.9326421731121703,-19.18892670467215,1.0
140.0,0.48,-1.6664876164769322,-1.6664876164769566,-2.1717502069988113,0.1419091501182169,0.19369400926584157,1.2257486028010685,1.2257486028010685,1.2257486028010685,21.656770968243485,0.9165957908965525,-19.24139442921936,1.0
140.0,0.47,-1.6701674575408936,-1.6701674575408587,-2.1728377600191338,0.1401135866250451,0.1920826634486664,1.2221661112674966,1.2221661112674966,1.2221661112674966,21.655954200292044,0.9005050900904084,-19.293817324309778,1.0
140.0,0.46,-1.6738408803080707,-1.6738408803080398,-2.173925633795434,0.13830172980765007,0.1904532378714842,1.2184810510539563,1.2184810510539563,1.2184810510539563,21.65513173677767,0.8843696891094586,-19.34619283254679,1.0
140.0,0.45,-1.6775079270451114,-1.6775079270451345,-2.1750138248316344,0.13647324381352108,0.18880516566135597,1.2146887511972464,1.2146887511972464,1.2146887511972464,21.654303542342806,0.8681891786515913,-19.398518283571946,1.0
140.0,0.44,-1.6811686397247838,-1.6811686397247305,-2.1761023295894306,0.13462777629353226,0.18713784414554513,1.2107842230632586,1.2107842230632586,1.2107842230632586,21.653469581047922,0.8519631195741345,-19.45079088642466,1.0
140.0,0.43,-1.6848230600227272,-1.684823060022761,-2.17719114448768,0.13276495716938377,0.18545063173483414,1.2067621311474603,1.2067621311474603,1.2067621311474603,21.65262981637629,0.8356910405843465,-19.50300772120222,1.0
140.0,0.42,-1.6884712293144857,-1.688471229314447,-2.178280265901589,0.13088439728426624,0.18374284446318714,1.2026167604428768,1.2026167604428768,1.2026167604428768,21.651784211237597,0.8193724357217945,-19.555165729935094,1.0
140.0,0.41,-1.692113188670479,-1.692113188670466,-2.179369690161702,0.1289856869230448,0.18201375213686052,1.198341979879173,1.198341979879173,1.198341979879173,21.65093272797244,0.8030067616084688,-19.607261706586726,1.0
140.0,0.4,-1.6957489788515694,-1.6957489788515825,-2.180459413552878,0.1270683941863791,0.18026257403846813,1.1939312012511658,1.1939312012511658,1.1939312012511658,21.650075328360234,0.7865934344392085,-19.659292286072578,1.0
140.0,0.39,-1.6993786403028417,-1.6993786403028386,-2.1815494323128117,0.12513206320086567,0.1784884741222025,1.1893773329513024,1.1893773329513024,1.1893773329513024,21.649211973624496,0.7701318266800362,-19.711253932170397,1.0
140.0,0.38,-1.7030022131466778,-1.7030022131465954,-2.182639742630374,0.12317621214481385,0.17669055562560151,1.1846727276964646,1.1846727276964646,1.1846727276964646,21.648342624441213,0.7536212634387001,-19.763142924184084,1.0
140.0,0.37,-1.7066197371744678,-1.7066197371744554,-2.1837303406436637,0.12120033106601752,0.17486785500984312,1.1798091232881112,1.1798091232881112,1.1798091232881112,21.64746724094784,0.7370610184642745,-19.814955342195255,1.0
140.0,0.36,-1.7102312518370808,-1.7102312518370995,-2.1848212224375745,0.11920387946423286,0.17301933512448536,1.1747775752606535,1.1747775752606535,1.1747775752606535,21.646585782752744,0.7204503097269599,-19.866687050710652,1.0
140.0,0.35,-1.7138367962331713,-1.7138367962331562,-2.1859123840408,0.11718628360710324,0.17114387747349677,1.1695683800466956,1.1695683800466956,1.1695683800466956,21.64569820894655,0.703788294521361,-19.918333680483027,1.0
140.0,0.34,-1.7174364089882912,-1.7174364089882972,-2.187003821397714,0.1151469326007554,0.16924027195184926,1.1641709757511913,1.1641709757511913,1.1641709757511913,21.64480447627679,0.6870740501490653,-19.969890662671396,1.0
140.0,0.33,-1.721030128650677,-1.7210301286506786,-2.18809553046333,0.11308517873101151,0.1673072126038979,1.1585738845952447,1.1585738845952447,1.1585738845952447,21.643904546327498,0.6703066219613925,-20.021352993723717,1.0
140.0,0.32,-1.7246179930782994,-1.724617993078277,-2.1891875070480857,0.11100032834994547,0.1653432777766417,1.1527645329704568,1.1527645329704568,1.1527645329704568,21.642998375037592,0.6534849373372544,-20.072715521408476,1.0
140.0,0.31,-1.7282000397971695,-1.7282000397971724,-2.1902797469119704,0.1088916412032451,0.16334692245414117,1.1467291572697618,1.1467291572697618,1.1467291572697618,21.64208591955957,0.6366078497249534,-20.12397271303622,1.0
140.0,0.3,-1.7317763058818096,-1.7317763058818005,-2.191372245731402,0.10675832486467629,0.16131646178983092,1.1404526366113834,1.1404526366113834,1.1404526366113834,21.641167136605187,0.6196741174469901,-20.175118672880203,1.0
140.0,0.29,-1.7353468279218422,-1.735346827921855,-2.192464999089542,0.10459952942560163,0.15925005358346356,1.1339183088707419,1.1339183088707419,1.1339183088707419,21.640241982466435,0.6026823940285038,-20.22614710552008,1.0
140.0,0.28,-1.7389116419817894,-1.7389116419817674,-2.1935580024644277,0.10241434148395524,0.15714567789698497,1.1271077544402575,1.1271077544402575,1.1271077544402575,21.639310413039517,0.5856312172254093,-20.277051274105432,1.0
140.0,0.27,-1.7424707835511617,-1.7424707835511564,-2.194651251214144,0.10020177731807803,0.15500111322290056,1.1200005406751117,1.1200005406751117,1.1200005406751117,21.638372383853852,0.5685189965250601,-20.32782395262921,1.0
140.0,0.26,-1.7460242874840914,-1.7460242874840726,-2.195744740558499,0.09796077510852826,0.15281390847209828,1.112573918123999,1.112573918123999,1.112573918123999,21.637427850103357,0.5513439988416406,-20.378457371092114,1.0
140.0,0.25,-1.7495721879235617,-1.7495721879235548,-2.1968384655559454,0.09569018604386709,0.15058134985780974,1.1048024571987471,1.1048024571987471,1.1048024571987471,21.636476766684442,0.5341043320671657,-20.428943152187532,1.0
140.0,0.24,-1.7531145182072654,-1.7531145182072851,-2.1979324210745497,0.09338876411320803,0.14830042150302078,1.0966576106961452,1.0966576106961452,1.0966576106961452,21.635519088239683,0.516797926058852,-20.47927223779787,1.0
140.0,0.23,-1.7566513107486899,-1.7566513107486812,-2.1990266017549898,0.0910551543477135,0.14596775826863168,1.0881071832392624,1.0881071832392624,1.0881071832392624,21.634554769211668,0.49942251054200393,-20.529434803168904,1.0
140.0,0.22,-1.760182596886029,-1.7601825968860383,-2.200121001963479,0.08868787922353168,0.14357958885822927,1.0791146828156668,1.0791146828156668,1.0791146828156668,21.633583763905868,0.4819755892754307,-20.579420156060266,1.0
140.0,0.21,-1.763708406687898,-1.7637084066879083,-2.201215615730422,0.08628532287804816,0.14113166665800436,1.069638521506599,1.069638521506599,1.069638521506599,21.632606026570638,0.46445440965499163,-20.629216617436157,1.0
140.0,0.2,-1.767228768700866,-1.7672287687008525,-2.2023104366708415,0.08384571271779298,0.1386191849519445,1.0596310212655353,1.0596310212655353,1.0596310212655353,21.631621511495588,0.44685592670297125,-20.678811379259148,1.0
140.0,0.19,-1.7707437096173282,-1.770743709617325,-2.203405457878954,0.08136709790830804,0.13603667201580974,1.0490371647564087,1.0490371647564087,1.0490371647564087,21.630630173135927,0.4291767600886939,-20.728190333610204,1.0
140.0,0.18,-1.7742532538333475,-1.7742532538333597,-2.204500671787325,0.07884732413315332,0.1333778599912926,1.0377930085619878,1.0377930085619878,1.0377930085619878,21.629631966276893,0.4114131424171903,-20.777337865514895,1.0
140.0,0.17,-1.777757422849907,-1.7777574228498745,-2.2055960699760426,0.07628400389360153,0.1306355191465799,1.0258236429929586,1.0258236429929586,1.0258236429929586,21.6286268462469,0.3935608564650015,-20.826236599271123,1.0
140.0,0.16,-1.781256234450181,-1.781256234450218,-2.2066916429096897,0.073674481502066,0.12780124578242735,1.0130405336100574,1.0130405336100574,1.0130405336100574,21.627614769207725,0.3756151582690429,-20.874867084434126,1.0
140.0,0.15,-1.7847497015492504,-1.7847497015492486,-2.207787379568858,0.07101579182617027,0.12486518706421909,0.9993380050975503,0.9993380050975503,0.9993380050975503,21.626595692553327,0.35757068189136676,-20.923207402326433,1.0
140.0,0.14,-1.7882378305495406,-1.788237830549515,-2.2088832669232197,0.06830461182614084,0.12181567849099773,0.9845885125567504,0.9845885125567504,0.9845885125567504,21.625569575472714,0.3394213201359805,-20.971232666153984,1.0
140.0,0.13,-1.7917206189402024,-1.7917206189402142,-2.2099792891612258,0.06553720412967885,0.11863875791782807,0.9686361612270288,0.9686361612270288,0.9686361612270288,21.624536379765022,0.3211600732566675,-21.018914376030036,1.0
140.0,0.12,-1.795198051697791,-1.795198051697777,-2.211075426534525,0.06270935260426486,0.11531750115429172,0.9512876337576297,0.9512876337576297,0.9512876337576297,21.62349607105163,0.30277885440075025,-21.06621957192224,1.0
140.0,0.11,-1.7986700957266835,-1.7986700957267099,-2.2121716535723532,0.05981629178870409,0.11183109293123915,0.9322991722289904,0.9322991722289904,0.9322991722289904,21.62244862064141,0.2842682356088909,-21.113109698268183,1.0
140.0,0.1,-1.8021366909721728,-1.8021366909721557,-2.2132679362262127,0.05685263668097554,0.10815349351214286,0.9113573600847071,0.9113573600847071,0.9113573600847071,21.62139400849947,0.26561711072162114,-21.159539045437334,1.0
