T,mu,Omega
0.0,0.0,1.0
10.256410256410257,0.0,1.1023843783993734
20.512820512820515,0.0,1.2036926788705038
30.76923076923077,0.0,1.302860133254526
41.02564102564103,0.0,1.3988444740636556
51.282051282051285,0.0,1.4906368888968562
61.53846153846154,0.0,1.5772726232366288
71.7948717948718,0.0,1.6578411201896497
82.05128205128206,0.0,1.7314955906007934
92.3076923076923,0.0,1.7974619129569445
102.56410256410257,0.0,1.85504676954104
112.82051282051282,0.0,1.9036449333239176
123.07692307692308,0.0,1.9427456290074567
133.33333333333334,0.0,1.971937901363313
143.5897435897436,0.0,1.990914934445064
153.84615384615384,0.0,1.9994772762780824
164.10256410256412,0.0,1.997534935135069
174.35897435897436,0.0,1.9851083253650272
184.6153846153846,0.0,1.962328052834843
194.87179487179486,0.0,1.9294335422385203
205.12820512820514,0.0,1.8867705207012953
215.3846153846154,0.0,1.8347873841263915
225.64102564102564,0.0,1.7740304844747583
235.89743589743588,0.0,1.7051383875093151
246.15384615384616,0.0,1.6288351613558236
256.4102564102564,0.0,1.5459227664188024
266.6666666666667,0.0,1.4572726266358116
276.9230769230769,0.0,1.3638164706577218
287.1794871794872,0.0,1.2665365392157715
297.43589743589746,0.0,1.166455261597731
307.6923076923077,0.0,1.064624509735226
317.94871794871796,0.0,0.9621145428436623
328.20512820512823,0.0,0.8600027588085529
338.46153846153845,0.0,0.7593623705431525
348.71794871794873,0.0,0.6612511263308922
358.97435897435895,0.0,0.5667001927038144
369.2307692307692,0.0,0.47670331669990884
379.4871794871795,0.0,0.39220638140595754
389.7435897435897,0.0,0.3140974645589707
400.0,0.0,0.2431975046920718
0.0,12.820512820512821,0.9979461340839243
10.256410256410257,12.820512820512821,1.1003305124832978
20.512820512820515,12.820512820512821,1.201638812954428
30.76923076923077,12.820512820512821,1.3008062673384502
41.02564102564103,12.820512820512821,1.3967906081475798
51.282051282051285,12.820512820512821,1.4885830229807806
61.53846153846154,12.820512820512821,1.575218757320553
71.7948717948718,12.820512820512821,1.6557872542735739
82.05128205128206,12.820512820512821,1.7294417246847176
92.3076923076923,12.820512820512821,1.7954080470408686
102.56410256410257,12.820512820512821,1.8529929036249642
112.82051282051282,12.820512820512821,1.9015910674078418
123.07692307692308,12.820512820512821,1.940691763091381
133.33333333333334,12.820512820512821,1.9698840354472371
143.5897435897436,12.820512820512821,1.9888610685289883
153.84615384615384,12.820512820512821,1.9974234103620065
164.10256410256412,12.820512820512821,1.9954810692189935
174.35897435897436,12.820512820512821,1.9830544594489514
184.6153846153846,12.820512820512821,1.9602741869187672
194.87179487179486,12.820512820512821,1.9273796763224444
205.12820512820514,12.820512820512821,1.8847166547852194
215.3846153846154,12.820512820512821,1.8327335182103157
225.64102564102564,12.820512820512821,1.7719766185586825
235.89743589743588,12.820512820512821,1.7030845215932393
246.15384615384616,12.820512820512821,1.626781295439748
256.4102564102564,12.820512820512821,1.5438689005027268
266.6666666666667,12.820512820512821,1.455218760719736
276.9230769230769,12.820512820512821,1.3617626047416462
287.1794871794872,12.820512820512821,1.2644826732996957
297.43589743589746,12.820512820512821,1.1644013956816552
307.6923076923077,12.820512820512821,1.0625706438191505
317.94871794871796,12.820512820512821,0.9600606769275866
328.20512820512823,12.820512820512821,0.8579488928924772
338.46153846153845,12.820512820512821,0.7573085046270768
348.71794871794873,12.820512820512821,0.6591972604148164
358.97435897435895,12.820512820512821,0.5646463267877386
369.2307692307692,12.820512820512821,0.47464945078383314
379.4871794871795,12.820512820512821,0.39015251548988183
389.7435897435897,12.820512820512821,0.312043598642895
400.0,12.820512820512821,0.2411436387759961
0.0,25.641025641025642,0.9917929730660997
10.256410256410257,25.641025641025642,1.0941773514654731
20.512820512820515,25.641025641025642,1.1954856519366035
30.76923076923077,25.641025641025642,1.2946531063206257
41.02564102564103,25.641025641025642,1.3906374471297553
51.282051282051285,25.641025641025642,1.482429861962956
61.53846153846154,25.641025641025642,1.5690655963027282
71.7948717948718,25.641025641025642,1.6496340932557492
82.05128205128206,25.641025641025642,1.7232885636668929
92.3076923076923,25.641025641025642,1.7892548860230442
102.56410256410257,25.641025641025642,1.8468397426071395
112.82051282051282,25.641025641025642,1.8954379063900173
123.07692307692308,25.641025641025642,1.9345386020735564
133.33333333333334,25.641025641025642,1.9637308744294124
143.5897435897436,25.641025641025642,1.9827079075111635
153.84615384615384,25.641025641025642,1.991270249344182
164.10256410256412,25.641025641025642,1.9893279082011688
174.35897435897436,25.641025641025642,1.976901298431127
184.6153846153846,25.641025641025642,1.9541210259009425
194.87179487179486,25.641025641025642,1.92122651530462
205.12820512820514,25.641025641025642,1.8785634937673947
215.3846153846154,25.641025641025642,1.826580357192491
225.64102564102564,25.641025641025642,1.7658234575408578
235.89743589743588,25.641025641025642,1.6969313605754148
246.15384615384616,25.641025641025642,1.6206281344219233
256.4102564102564,25.641025641025642,1.5377157394849021
266.6666666666667,25.641025641025642,1.4490655997019113
276.9230769230769,25.641025641025642,1.3556094437238215
287.1794871794872,25.641025641025642,1.258329512281871
297.43589743589746,25.641025641025642,1.1582482346638308
307.6923076923077,25.641025641025642,1.0564174828013257
317.94871794871796,25.641025641025642,0.953907515909762
328.20512820512823,25.641025641025642,0.8517957318746526
338.46153846153845,25.641025641025642,0.7511553436092522
348.71794871794873,25.641025641025642,0.6530440993969919
358.97435897435895,25.641025641025642,0.5584931657699141
369.2307692307692,25.641025641025642,0.46849628976600854
379.4871794871795,25.641025641025642,0.38399935447205724
389.7435897435897,25.641025641025642,0.3058904376250704
400.0,25.641025641025642,0.2349904777581715
0.0,38.46153846153846,0.9815657924819076
10.256410256410257,38.46153846153846,1.083950170881281
20.512820512820515,38.46153846153846,1.1852584713524112
30.76923076923077,38.46153846153846,1.2844259257364334
41.02564102564103,38.46153846153846,1.380410266545563
51.282051282051285,38.46153846153846,1.4722026813787639
61.53846153846154,38.46153846153846,1.5588384157185362
71.7948717948718,38.46153846153846,1.6394069126715571
82.05128205128206,38.46153846153846,1.7130613830827008
92.3076923076923,38.46153846153846,1.779027705438852
102.56410256410257,38.46153846153846,1.8366125620229474
112.82051282051282,38.46153846153846,1.885210725805825
123.07692307692308,38.46153846153846,1.9243114214893642
133.33333333333334,38.46153846153846,1.9535036938452204
143.5897435897436,38.46153846153846,1.9724807269269715
153.84615384615384,38.46153846153846,1.9810430687599898
164.10256410256412,38.46153846153846,1.9791007276169768
174.35897435897436,38.46153846153846,1.9666741178469347
184.6153846153846,38.46153846153846,1.9438938453167505
194.87179487179486,38.46153846153846,1.9109993347204277
205.12820512820514,38.46153846153846,1.8683363131832027
215.3846153846154,38.46153846153846,1.816353176608299
225.64102564102564,38.46153846153846,1.7555962769566658
235.89743589743588,38.46153846153846,1.6867041799912226
246.15384615384616,38.46153846153846,1.6104009538377313
256.4102564102564,38.46153846153846,1.5274885589007101
266.6666666666667,38.46153846153846,1.4388384191177193
276.9230769230769,38.46153846153846,1.3453822631396295
287.1794871794872,38.46153846153846,1.248102331697679
297.43589743589746,38.46153846153846,1.1480210540796385
307.6923076923077,38.46153846153846,1.0461903022171337
317.94871794871796,38.46153846153846,0.9436803353255698
328.20512820512823,38.46153846153846,0.8415685512904605
338.46153846153845,38.46153846153846,0.74092816302506
348.71794871794873,38.46153846153846,0.6428169188127997
358.97435897435895,38.46153846153846,0.5482659851857219
369.2307692307692,38.46153846153846,0.4582691091818164
379.4871794871795,38.46153846153846,0.3737721738878651
389.7435897435897,38.46153846153846,0.29566325704087826
400.0,38.46153846153846,0.22476329717397936
0.0,51.282051282051285,0.9673066028465865
10.256410256410257,51.282051282051285,1.06969098124596
20.512820512820515,51.282051282051285,1.1709992817170902
30.76923076923077,51.282051282051285,1.2701667361011126
41.02564102564103,51.282051282051285,1.366151076910242
51.282051282051285,51.282051282051285,1.4579434917434428
61.53846153846154,51.282051282051285,1.5445792260832152
71.7948717948718,51.282051282051285,1.6251477230362361
82.05128205128206,51.282051282051285,1.6988021934473798
92.3076923076923,51.282051282051285,1.7647685158035311
102.56410256410257,51.282051282051285,1.8223533723876264
112.82051282051282,51.282051282051285,1.8709515361705042
123.07692307692308,51.282051282051285,1.9100522318540434
133.33333333333334,51.282051282051285,1.9392445042098994
143.5897435897436,51.282051282051285,1.9582215372916505
153.84615384615384,51.282051282051285,1.966783879124669
164.10256410256412,51.282051282051285,1.9648415379816555
174.35897435897436,51.282051282051285,1.9524149282116139
184.6153846153846,51.282051282051285,1.9296346556814294
194.87179487179486,51.282051282051285,1.896740145085107
205.12820512820514,51.282051282051285,1.8540771235478817
215.3846153846154,51.282051282051285,1.802093986972978
225.64102564102564,51.282051282051285,1.7413370873213447
235.89743589743588,51.282051282051285,1.6724449903559018
246.15384615384616,51.282051282051285,1.59614176420241
256.4102564102564,51.282051282051285,1.5132293692653889
266.6666666666667,51.282051282051285,1.424579229482398
276.9230769230769,51.282051282051285,1.3311230735043083
287.1794871794872,51.282051282051285,1.233843142062358
297.43589743589746,51.282051282051285,1.1337618644443177
307.6923076923077,51.282051282051285,1.0319311125818127
317.94871794871796,51.282051282051285,0.9294211456902488
328.20512820512823,51.282051282051285,0.8273093616551395
338.46153846153845,51.282051282051285,0.726668973389739
348.71794871794873,51.282051282051285,0.6285577291774787
358.97435897435895,51.282051282051285,0.5340067955504009
369.2307692307692,51.282051282051285,0.4440099195464954
379.4871794871795,51.282051282051285,0.3595129842525441
389.7435897435897,51.282051282051285,0.28140406740555723
400.0,51.282051282051285,0.21050410753865834
0.0,64.1025641025641,0.9490739770873025
10.256410256410257,64.1025641025641,1.0514583554866759
20.512820512820515,64.1025641025641,1.1527666559578063
30.76923076923077,64.1025641025641,1.2519341103418284
41.02564102564103,64.1025641025641,1.347918451150958
51.282051282051285,64.1025641025641,1.4397108659841586
61.53846153846154,64.1025641025641,1.5263466003239312
71.7948717948718,64.1025641025641,1.6069150972769521
82.05128205128206,64.1025641025641,1.6805695676880958
92.3076923076923,64.1025641025641,1.746535890044247
102.56410256410257,64.1025641025641,1.8041207466283424
112.82051282051282,64.1025641025641,1.85271891041122
123.07692307692308,64.1025641025641,1.8918196060947592
133.33333333333334,64.1025641025641,1.9210118784506154
143.5897435897436,64.1025641025641,1.9399889115323665
153.84615384615384,64.1025641025641,1.9485512533653848
164.10256410256412,64.1025641025641,1.9466089122223715
174.35897435897436,64.1025641025641,1.9341823024523297
184.6153846153846,64.1025641025641,1.9114020299221455
194.87179487179486,64.1025641025641,1.8785075193258227
205.12820512820514,64.1025641025641,1.8358444977885977
215.3846153846154,64.1025641025641,1.783861361213694
225.64102564102564,64.1025641025641,1.7231044615620608
235.89743589743588,64.1025641025641,1.6542123645966176
246.15384615384616,64.1025641025641,1.577909138443126
256.4102564102564,64.1025641025641,1.494996743506105
266.6666666666667,64.1025641025641,1.406346603723114
276.9230769230769,64.1025641025641,1.3128904477450243
287.1794871794872,64.1025641025641,1.215610516303074
297.43589743589746,64.1025641025641,1.1155292386850335
307.6923076923077,64.1025641025641,1.0136984868225285
317.94871794871796,64.1025641025641,0.9111885199309647
328.20512820512823,64.1025641025641,0.8090767358958554
338.46153846153845,64.1025641025641,0.7084363476304549
348.71794871794873,64.1025641025641,0.6103251034181947
358.97435897435895,64.1025641025641,0.5157741697911169
369.2307692307692,64.1025641025641,0.4257772937872113
379.4871794871795,64.1025641025641,0.34128035849326
389.7435897435897,64.1025641025641,0.26317144164627315
400.0,64.1025641025641,0.19227148177937425
0.0,76.92307692307692,0.9269428099412703
10.256410256410257,76.92307692307692,1.0293271883406439
20.512820512820515,76.92307692307692,1.130635488811774
30.76923076923077,76.92307692307692,1.2298029431957964
41.02564102564103,76.92307692307692,1.3257872840049258
51.282051282051285,76.92307692307692,1.4175796988381266
61.53846153846154,76.92307692307692,1.504215433177899
71.7948717948718,76.92307692307692,1.58478393013092
82.05128205128206,76.92307692307692,1.6584384005420636
92.3076923076923,76.92307692307692,1.724404722898215
102.56410256410257,76.92307692307692,1.7819895794823102
112.82051282051282,76.92307692307692,1.830587743265188
123.07692307692308,76.92307692307692,1.8696884389487272
133.33333333333334,76.92307692307692,1.8988807113045831
143.5897435897436,76.92307692307692,1.9178577443863343
153.84615384615384,76.92307692307692,1.9264200862193528
164.10256410256412,76.92307692307692,1.9244777450763393
174.35897435897436,76.92307692307692,1.9120511353062977
184.6153846153846,76.92307692307692,1.8892708627761132
194.87179487179486,76.92307692307692,1.8563763521797907
205.12820512820514,76.92307692307692,1.8137133306425655
215.3846153846154,76.92307692307692,1.7617301940676617
225.64102564102564,76.92307692307692,1.7009732944160285
235.89743589743588,76.92307692307692,1.6320811974505856
246.15384615384616,76.92307692307692,1.5557779712970938
256.4102564102564,76.92307692307692,1.4728655763600726
266.6666666666667,76.92307692307692,1.3842154365770818
276.9230769230769,76.92307692307692,1.290759280598992
287.1794871794872,76.92307692307692,1.1934793491570417
297.43589743589746,76.92307692307692,1.0933980715390015
307.6923076923077,76.92307692307692,0.9915673196764964
317.94871794871796,76.92307692307692,0.8890573527849326
328.20512820512823,76.92307692307692,0.7869455687498232
338.46153846153845,76.92307692307692,0.6863051804844228
348.71794871794873,76.92307692307692,0.5881939362721624
358.97435897435895,76.92307692307692,0.4936430026450847
369.2307692307692,76.92307692307692,0.40364612664117916
379.4871794871795,76.92307692307692,0.31914919134722786
389.7435897435897,76.92307692307692,0.24104027450024101
400.0,76.92307692307692,0.17014031463334212
0.0,89.74358974358974,0.9010040103082586
10.256410256410257,89.74358974358974,1.003388388707632
20.512820512820515,89.74358974358974,1.1046966891787624
30.76923076923077,89.74358974358974,1.2038641435627846
41.02564102564103,89.74358974358974,1.2998484843719142
51.282051282051285,89.74358974358974,1.3916408992051148
61.53846153846154,89.74358974358974,1.4782766335448874
71.7948717948718,89.74358974358974,1.5588451304979083
82.05128205128206,89.74358974358974,1.632499600909052
92.3076923076923,89.74358974358974,1.698465923265203
102.56410256410257,89.74358974358974,1.7560507798492986
112.82051282051282,89.74358974358974,1.8046489436321762
123.07692307692308,89.74358974358974,1.8437496393157153
133.33333333333334,89.74358974358974,1.8729419116715715
143.5897435897436,89.74358974358974,1.8919189447533227
153.84615384615384,89.74358974358974,1.900481286586341
164.10256410256412,89.74358974358974,1.8985389454433277
174.35897435897436,89.74358974358974,1.8861123356732858
184.6153846153846,89.74358974358974,1.8633320631431016
194.87179487179486,89.74358974358974,1.8304375525467789
205.12820512820514,89.74358974358974,1.7877745310095539
215.3846153846154,89.74358974358974,1.7357913944346501
225.64102564102564,89.74358974358974,1.675034494783017
235.89743589743588,89.74358974358974,1.6061423978175737
246.15384615384616,89.74358974358974,1.5298391716640822
256.4102564102564,89.74358974358974,1.446926776727061
266.6666666666667,89.74358974358974,1.3582766369440702
276.9230769230769,89.74358974358974,1.2648204809659804
287.1794871794872,89.74358974358974,1.16754054952403
297.43589743589746,89.74358974358974,1.0674592719059897
307.6923076923077,89.74358974358974,0.9656285200434847
317.94871794871796,89.74358974358974,0.8631185531519209
328.20512820512823,89.74358974358974,0.7610067691168115
338.46153846153845,89.74358974358974,0.6603663808514111
348.71794871794873,89.74358974358974,0.5622551366391508
358.97435897435895,89.74358974358974,0.467704203012073
369.2307692307692,89.74358974358974,0.37770732700816745
379.4871794871795,89.74358974358974,0.29321039171421615
389.7435897435897,89.74358974358974,0.2151014748672293
400.0,89.74358974358974,0.1442015150003304
0.0,102.56410256410257,0.8713641278212076
10.256410256410257,102.56410256410257,0.9737485062205811
20.512820512820515,102.56410256410257,1.0750568066917114
30.76923076923077,102.56410256410257,1.1742242610757336
41.02564102564103,102.56410256410257,1.2702086018848633
51.282051282051285,102.56410256410257,1.3620010167180638
61.53846153846154,102.56410256410257,1.4486367510578364
71.7948717948718,102.56410256410257,1.5292052480108573
82.05128205128206,102.56410256410257,1.602859718422001
92.3076923076923,102.56410256410257,1.668826040778152
102.56410256410257,102.56410256410257,1.7264108973622476
112.82051282051282,102.56410256410257,1.7750090611451252
123.07692307692308,102.56410256410257,1.8141097568286644
133.33333333333334,102.56410256410257,1.8433020291845206
143.5897435897436,102.56410256410257,1.8622790622662717
153.84615384615384,102.56410256410257,1.87084140409929
164.10256410256412,102.56410256410257,1.8688990629562767
174.35897435897436,102.56410256410257,1.8564724531862349
184.6153846153846,102.56410256410257,1.8336921806560507
194.87179487179486,102.56410256410257,1.800797670059728
205.12820512820514,102.56410256410257,1.758134648522503
215.3846153846154,102.56410256410257,1.7061515119475992
225.64102564102564,102.56410256410257,1.645394612295966
235.89743589743588,102.56410256410257,1.5765025153305228
246.15384615384616,102.56410256410257,1.5001992891770313
256.4102564102564,102.56410256410257,1.41728689424001
266.6666666666667,102.56410256410257,1.3286367544570192
276.9230769230769,102.56410256410257,1.2351805984789295
287.1794871794872,102.56410256410257,1.1379006670369791
297.43589743589746,102.56410256410257,1.0378193894189387
307.6923076923077,102.56410256410257,0.9359886375564337
317.94871794871796,102.56410256410257,0.8334786706648699
328.20512820512823,102.56410256410257,0.7313668866297606
338.46153846153845,102.56410256410257,0.6307264983643601
348.71794871794873,102.56410256410257,0.5326152541520999
358.97435897435895,102.56410256410257,0.43806432052502203
369.2307692307692,102.56410256410257,0.3480674445211165
379.4871794871795,102.56410256410257,0.2635705092271652
389.7435897435897,102.56410256410257,0.18546159238017834
400.0,102.56410256410257,0.11456163251327944
0.0,115.38461538461539,0.8381449151689108
10.256410256410257,115.38461538461539,0.9405292935682842
20.512820512820515,115.38461538461539,1.0418375940394144
30.76923076923077,115.38461538461539,1.1410050484234366
41.02564102564103,115.38461538461539,1.2369893892325663
51.282051282051285,115.38461538461539,1.328781804065767
61.53846153846154,115.38461538461539,1.4154175384055394
71.7948717948718,115.38461538461539,1.4959860353585603
82.05128205128206,115.38461538461539,1.569640505769704
92.3076923076923,115.38461538461539,1.6356068281258551
102.56410256410257,115.38461538461539,1.6931916847099506
112.82051282051282,115.38461538461539,1.7417898484928283
123.07692307692308,115.38461538461539,1.7808905441763674
133.33333333333334,115.38461538461539,1.8100828165322236
143.5897435897436,115.38461538461539,1.8290598496139747
153.84615384615384,115.38461538461539,1.837622191446993
164.10256410256412,115.38461538461539,1.83567985030398
174.35897435897436,115.38461538461539,1.823253240533938
184.6153846153846,115.38461538461539,1.8004729680037537
194.87179487179486,115.38461538461539,1.767578457407431
205.12820512820514,115.38461538461539,1.724915435870206
215.3846153846154,115.38461538461539,1.6729322992953022
225.64102564102564,115.38461538461539,1.612175399643669
235.89743589743588,115.38461538461539,1.5432833026782258
246.15384615384616,115.38461538461539,1.4669800765247345
256.4102564102564,115.38461538461539,1.3840676815877133
266.6666666666667,115.38461538461539,1.2954175418047225
276.9230769230769,115.38461538461539,1.2019613858266327
287.1794871794872,115.38461538461539,1.1046814543846821
297.43589743589746,115.38461538461539,1.0046001767666417
307.6923076923077,115.38461538461539,0.9027694249041368
317.94871794871796,115.38461538461539,0.800259458012573
328.20512820512823,115.38461538461539,0.6981476739774637
338.46153846153845,115.38461538461539,0.5975072857120632
348.71794871794873,115.38461538461539,0.49939604149980293
358.97435897435895,115.38461538461539,0.40484510787272515
369.2307692307692,115.38461538461539,0.3148482318688196
379.4871794871795,115.38461538461539,0.2303512965748683
389.7435897435897,115.38461538461539,0.15224237972788146
400.0,115.38461538461539,0.08134241986098256
0.0,128.2051282051282,0.8014828279686188
10.256410256410257,128.2051282051282,0.9038672063679922
20.512820512820515,128.2051282051282,1.0051755068391226
30.76923076923077,128.2051282051282,1.1043429612231448
41.02564102564103,128.2051282051282,1.2003273020322744
51.282051282051285,128.2051282051282,1.292119716865475
61.53846153846154,128.2051282051282,1.3787554512052473
71.7948717948718,128.2051282051282,1.4593239481582683
82.05128205128206,128.2051282051282,1.532978418569412
92.3076923076923,128.2051282051282,1.5989447409255633
102.56410256410257,128.2051282051282,1.6565295975096586
112.82051282051282,128.2051282051282,1.7051277612925364
123.07692307692308,128.2051282051282,1.7442284569760755
133.33333333333334,128.2051282051282,1.7734207293319315
143.5897435897436,128.2051282051282,1.7923977624136826
153.84615384615384,128.2051282051282,1.8009601042467012
164.10256410256412,128.2051282051282,1.7990177631036879
174.35897435897436,128.2051282051282,1.786591153333646
184.6153846153846,128.2051282051282,1.7638108808034616
194.87179487179486,128.2051282051282,1.730916370207139
205.12820512820514,128.2051282051282,1.6882533486699138
215.3846153846154,128.2051282051282,1.6362702120950101
225.64102564102564,128.2051282051282,1.575513312443377
235.89743589743588,128.2051282051282,1.506621215477934
246.15384615384616,128.2051282051282,1.4303179893244424
256.4102564102564,128.2051282051282,1.3474055943874212
266.6666666666667,128.2051282051282,1.2587554546044304
276.9230769230769,128.2051282051282,1.1652992986263406
287.1794871794872,128.2051282051282,1.06801936718439
297.43589743589746,128.2051282051282,0.9679380895663499
307.6923076923077,128.2051282051282,0.8661073377038448
317.94871794871796,128.2051282051282,0.7635973708122811
328.20512820512823,128.2051282051282,0.6614855867771717
338.46153846153845,128.2051282051282,0.5608451985117713
348.71794871794873,128.2051282051282,0.462733954299511
358.97435897435895,128.2051282051282,0.3681830206724332
369.2307692307692,128.2051282051282,0.27818614466852765
379.4871794871795,128.2051282051282,0.19368920937457634
389.7435897435897,128.2051282051282,0.1155802925275895
400.0,128.2051282051282,0.0446803326606906
0.0,141.02564102564102,0.7615284642429574
10.256410256410257,141.02564102564102,0.8639128426423308
20.512820512820515,141.02564102564102,0.9652211431134611
30.76923076923077,141.02564102564102,1.0643885974974834
41.02564102564103,141.02564102564102,1.160372938306613
51.282051282051285,141.02564102564102,1.2521653531398136
61.53846153846154,141.02564102564102,1.338801087479586
71.7948717948718,141.02564102564102,1.4193695844326069
82.05128205128206,141.02564102564102,1.4930240548437506
92.3076923076923,141.02564102564102,1.5589903771999019
102.56410256410257,141.02564102564102,1.6165752337839971
112.82051282051282,141.02564102564102,1.665173397566875
123.07692307692308,141.02564102564102,1.7042740932504141
133.33333333333334,141.02564102564102,1.73346636560627
143.5897435897436,141.02564102564102,1.7524433986880212
153.84615384615384,141.02564102564102,1.7610057405210398
164.10256410256412,141.02564102564102,1.7590633993780265
174.35897435897436,141.02564102564102,1.7466367896079846
184.6153846153846,141.02564102564102,1.7238565170778002
194.87179487179486,141.02564102564102,1.6909620064814777
205.12820512820514,141.02564102564102,1.6482989849442524
215.3846153846154,141.02564102564102,1.5963158483693487
225.64102564102564,141.02564102564102,1.5355589487177155
235.89743589743588,141.02564102564102,1.4666668517522725
246.15384615384616,141.02564102564102,1.390363625598781
256.4102564102564,141.02564102564102,1.3074512306617598
266.6666666666667,141.02564102564102,1.218801090878769
276.9230769230769,141.02564102564102,1.1253449349006792
287.1794871794872,141.02564102564102,1.0280650034587286
297.43589743589746,141.02564102564102,0.9279837258406884
307.6923076923077,141.02564102564102,0.8261529739781834
317.94871794871796,141.02564102564102,0.7236430070866197
328.20512820512823,141.02564102564102,0.6215312230515103
338.46153846153845,141.02564102564102,0.5208908347861099
348.71794871794873,141.02564102564102,0.42277959057384956
358.97435897435895,141.02564102564102,0.3282286569467718
369.2307692307692,141.02564102564102,0.23823178094286623
379.4871794871795,141.02564102564102,0.15373484564891493
389.7435897435897,141.02564102564102,0.07562592880192809
400.0,141.02564102564102,0.00472596893502919
0.0,153.84615384615384,0.718445945803636
10.256410256410257,153.84615384615384,0.8208303242030094
20.512820512820515,153.84615384615384,0.9221386246741397
30.76923076923077,153.84615384615384,1.0213060790581618
41.02564102564103,153.84615384615384,1.1172904198672915
51.282051282051285,153.84615384615384,1.2090828347004923
61.53846153846154,153.84615384615384,1.2957185690402646
71.7948717948718,153.84615384615384,1.3762870659932855
82.05128205128206,153.84615384615384,1.4499415364044292
92.3076923076923,153.84615384615384,1.5159078587605803
102.56410256410257,153.84615384615384,1.5734927153446758
112.82051282051282,153.84615384615384,1.6220908791275535
123.07692307692308,153.84615384615384,1.6611915748110926
133.33333333333334,153.84615384615384,1.6903838471669488
143.5897435897436,153.84615384615384,1.7093608802487
153.84615384615384,153.84615384615384,1.7179232220817182
164.10256410256412,153.84615384615384,1.7159808809387052
174.35897435897436,153.84615384615384,1.703554271168663
184.6153846153846,153.84615384615384,1.6807739986384789
194.87179487179486,153.84615384615384,1.6478794880421561
205.12820512820514,153.84615384615384,1.605216466504931
215.3846153846154,153.84615384615384,1.5532333299300274
225.64102564102564,153.84615384615384,1.4924764302783942
235.89743589743588,153.84615384615384,1.423584333312951
246.15384615384616,153.84615384615384,1.3472811071594597
256.4102564102564,153.84615384615384,1.2643687122224385
266.6666666666667,153.84615384615384,1.1757185724394477
276.9230769230769,153.84615384615384,1.082262416461358
287.1794871794872,153.84615384615384,0.9849824850194073
297.43589743589746,153.84615384615384,0.884901207401367
307.6923076923077,153.84615384615384,0.783070455538862
317.94871794871796,153.84615384615384,0.6805604886472982
328.20512820512823,153.84615384615384,0.5784487046121889
338.46153846153845,153.84615384615384,0.47780831634678844
348.71794871794873,153.84615384615384,0.37969707213452814
358.97435897435895,153.84615384615384,0.28514613850745035
369.2307692307692,153.84615384615384,0.1951492625035448
379.4871794871795,153.84615384615384,0.1106523272095935
389.7435897435897,153.84615384615384,0.03254341036260666
400.0,153.84615384615384,-0.03835654950429224
0.0,166.66666666666666,0.6724122440830568
10.256410256410257,166.66666666666666,0.7747966224824302
20.512820512820515,166.66666666666666,0.8761049229535605
30.76923076923077,166.66666666666666,0.9752723773375828
41.02564102564103,166.66666666666666,1.0712567181467123
51.282051282051285,166.66666666666666,1.163049132979913
61.53846153846154,166.66666666666666,1.2496848673196854
71.7948717948718,166.66666666666666,1.3302533642727064
82.05128205128206,166.66666666666666,1.40390783468385
92.3076923076923,166.66666666666666,1.4698741570400014
102.56410256410257,166.66666666666666,1.5274590136240966
112.82051282051282,166.66666666666666,1.5760571774069745
123.07692307692308,166.66666666666666,1.6151578730905136
133.33333333333334,166.66666666666666,1.6443501454463696
143.5897435897436,166.66666666666666,1.6633271785281207
153.84615384615384,166.66666666666666,1.6718895203611392
164.10256410256412,166.66666666666666,1.6699471792181257
174.35897435897436,166.66666666666666,1.6575205694480841
184.6153846153846,166.66666666666666,1.6347402969178997
194.87179487179486,166.66666666666666,1.6018457863215771
205.12820512820514,166.66666666666666,1.559182764784352
215.3846153846154,166.66666666666666,1.5071996282094482
225.64102564102564,166.66666666666666,1.446442728557815
235.89743589743588,166.66666666666666,1.377550631592372
246.15384615384616,166.66666666666666,1.3012474054388803
256.4102564102564,166.66666666666666,1.218335010501859
266.6666666666667,166.66666666666666,1.1296848707188683
276.9230769230769,166.66666666666666,1.0362287147407785
287.1794871794872,166.66666666666666,0.9389487832988281
297.43589743589746,166.66666666666666,0.8388675056807878
307.6923076923077,166.66666666666666,0.7370367538182828
317.94871794871796,166.66666666666666,0.634526786926719
328.20512820512823,166.66666666666666,0.5324150028916097
338.46153846153845,166.66666666666666,0.43177461462620925
348.71794871794873,166.66666666666666,0.33366337041394895
358.97435897435895,166.66666666666666,0.23911243678687116
369.2307692307692,166.66666666666666,0.14911556078296562
379.4871794871795,166.66666666666666,0.06461862548901431
389.7435897435897,166.66666666666666,-0.013490291357972528
400.0,166.66666666666666,-0.08439025122487143
0.0,179.48717948717947,0.6236164531831293
10.256410256410257,179.48717948717947,0.7260008315825027
20.512820512820515,179.48717948717947,0.827309132053633
30.76923076923077,179.48717948717947,0.9264765864376553
41.02564102564103,179.48717948717947,1.0224609272467848
51.282051282051285,179.48717948717947,1.1142533420799856
61.53846153846154,179.48717948717947,1.200889076419758
71.7948717948718,179.48717948717947,1.2814575733727789
82.05128205128206,179.48717948717947,1.3551120437839226
92.3076923076923,179.48717948717947,1.4210783661400739
102.56410256410257,179.48717948717947,1.4786632227241692
112.82051282051282,179.48717948717947,1.527261386507047
123.07692307692308,179.48717948717947,1.5663620821905861
133.33333333333334,179.48717948717947,1.5955543545464421
143.5897435897436,179.48717948717947,1.6145313876281933
153.84615384615384,179.48717948717947,1.6230937294612118
164.10256410256412,179.48717948717947,1.6211513883181983
174.35897435897436,179.48717948717947,1.6087247785481567
184.6153846153846,179.48717948717947,1.5859445060179722
194.87179487179486,179.48717948717947,1.5530499954216497
205.12820512820514,179.48717948717947,1.5103869738844244
215.3846153846154,179.48717948717947,1.4584038373095207
225.64102564102564,179.48717948717947,1.3976469376578875
235.89743589743588,179.48717948717947,1.3287548406924445
246.15384615384616,179.48717948717947,1.2524516145389528
256.4102564102564,179.48717948717947,1.1695392196019316
266.6666666666667,179.48717948717947,1.0808890798189408
276.9230769230769,179.48717948717947,0.9874329238408511
287.1794871794872,179.48717948717947,0.8901529923989007
297.43589743589746,179.48717948717947,0.7900717147808604
307.6923076923077,179.48717948717947,0.6882409629183553
317.94871794871796,179.48717948717947,0.5857309960267916
328.20512820512823,179.48717948717947,0.48361921199168223
338.46153846153845,179.48717948717947,0.3829788237262818
348.71794871794873,179.48717948717947,0.2848675795140215
358.97435897435895,179.48717948717947,0.1903166458869437
369.2307692307692,179.48717948717947,0.10031976988303815
379.4871794871795,179.48717948717947,0.015822834589086843
389.7435897435897,179.48717948717947,-0.0622860822579
400.0,179.48717948717947,-0.1331860421247989
0.0,192.30769230769232,0.572259013127408
10.256410256410257,192.30769230769232,0.6746433915267814
20.512820512820515,192.30769230769232,0.7759516919979117
30.76923076923077,192.30769230769232,0.875119146381934
41.02564102564103,192.30769230769232,0.9711034871910635
51.282051282051285,192.30769230769232,1.0628959020242643
61.53846153846154,192.30769230769232,1.1495316363640367
71.7948717948718,192.30769230769232,1.2301001333170576
82.05128205128206,192.30769230769232,1.3037546037282013
92.3076923076923,192.30769230769232,1.3697209260843524
102.56410256410257,192.30769230769232,1.4273057826684479
112.82051282051282,192.30769230769232,1.4759039464513255
123.07692307692308,192.30769230769232,1.5150046421348646
133.33333333333334,192.30769230769232,1.5441969144907208
143.5897435897436,192.30769230769232,1.563173947572472
153.84615384615384,192.30769230769232,1.5717362894054903
164.10256410256412,192.30769230769232,1.5697939482624772
174.35897435897436,192.30769230769232,1.5573673384924351
184.6153846153846,192.30769230769232,1.534587065962251
194.87179487179486,192.30769230769232,1.5016925553659282
205.12820512820514,192.30769230769232,1.4590295338287032
215.3846153846154,192.30769230769232,1.4070463972537994
225.64102564102564,192.30769230769232,1.3462894976021662
235.89743589743588,192.30769230769232,1.277397400636723
246.15384615384616,192.30769230769232,1.2010941744832317
256.4102564102564,192.30769230769232,1.1181817795462106
266.6666666666667,192.30769230769232,1.0295316397632197
276.9230769230769,192.30769230769232,0.9360754837851298
287.1794871794872,192.30769230769232,0.8387955523431794
297.43589743589746,192.30769230769232,0.7387142747251391
307.6923076923077,192.30769230769232,0.636883522862634
317.94871794871796,192.30769230769232,0.5343735559710703
328.20512820512823,192.30769230769232,0.43226177193596094
338.46153846153845,192.30769230769232,0.3316213836705605
348.71794871794873,192.30769230769232,0.23351013945830018
358.97435897435895,192.30769230769232,0.1389592058312224
369.2307692307692,192.30769230769232,0.04896232982731685
379.4871794871795,192.30769230769232,-0.03553460546663445
389.7435897435897,192.30769230769232,-0.11364352231362129
400.0,192.30769230769232,-0.1845434821805202
0.0,205.12820512820514,0.5185508865072278
10.256410256410257,205.12820512820514,0.6209352649066012
20.512820512820515,205.12820512820514,0.7222435653777315
30.76923076923077,205.12820512820514,0.8214110197617538
41.02564102564103,205.12820512820514,0.9173953605708833
51.282051282051285,205.12820512820514,1.009187775404084
61.53846153846154,205.12820512820514,1.0958235097438564
71.7948717948718,205.12820512820514,1.1763920066968774
82.05128205128206,205.12820512820514,1.250046477108021
92.3076923076923,205.12820512820514,1.3160127994641724
102.56410256410257,205.12820512820514,1.3735976560482677
112.82051282051282,205.12820512820514,1.4221958198311455
123.07692307692308,205.12820512820514,1.4612965155146846
133.33333333333334,205.12820512820514,1.4904887878705406
143.5897435897436,205.12820512820514,1.5094658209522918
153.84615384615384,205.12820512820514,1.5180281627853103
164.10256410256412,205.12820512820514,1.5160858216422968
174.35897435897436,205.12820512820514,1.5036592118722552
184.6153846153846,205.12820512820514,1.4808789393420707
194.87179487179486,205.12820512820514,1.4479844287457482
205.12820512820514,205.12820512820514,1.405321407208523
215.3846153846154,205.12820512820514,1.3533382706336192
225.64102564102564,205.12820512820514,1.292581370981986
235.89743589743588,205.12820512820514,1.223689274016543
246.15384615384616,205.12820512820514,1.1473860478630513
256.4102564102564,205.12820512820514,1.0644736529260301
266.6666666666667,205.12820512820514,0.9758235131430394
276.9230769230769,205.12820512820514,0.8823673571649496
287.1794871794872,205.12820512820514,0.7850874257229992
297.43589743589746,205.12820512820514,0.6850061481049589
307.6923076923077,205.12820512820514,0.5831753962424538
317.94871794871796,205.12820512820514,0.48066542935089007
328.20512820512823,205.12820512820514,0.37855364531578073
338.46153846153845,205.12820512820514,0.2779132570503803
348.71794871794873,205.12820512820514,0.17980201283811997
358.97435897435895,205.12820512820514,0.08525107921104219
369.2307692307692,205.12820512820514,-0.004745796792863355
379.4871794871795,205.12820512820514,-0.08924273208681466
389.7435897435897,205.12820512820514,-0.1673516489338015
400.0,205.12820512820514,-0.2382516088007004
0.0,217.94871794871796,0.4627126919039517
10.256410256410257,217.94871794871796,0.5650970703033251
20.512820512820515,217.94871794871796,0.6664053707744554
30.76923076923077,217.94871794871796,0.7655728251584777
41.02564102564103,217.94871794871796,0.8615571659676073
51.282051282051285,217.94871794871796,0.9533495808008079
61.53846153846154,217.94871794871796,1.0399853151405805
71.7948717948718,217.94871794871796,1.1205538120936014
82.05128205128206,217.94871794871796,1.194208282504745
92.3076923076923,217.94871794871796,1.2601746048608962
102.56410256410257,217.94871794871796,1.3177594614449917
112.82051282051282,217.94871794871796,1.3663576252278693
123.07692307692308,217.94871794871796,1.4054583209114084
133.33333333333334,217.94871794871796,1.4346505932672646
143.5897435897436,217.94871794871796,1.4536276263490158
153.84615384615384,217.94871794871796,1.462189968182034
164.10256410256412,217.94871794871796,1.4602476270390208
174.35897435897436,217.94871794871796,1.447821017268979
184.6153846153846,217.94871794871796,1.4250407447387947
194.87179487179486,217.94871794871796,1.392146234142472
205.12820512820514,217.94871794871796,1.349483212605247
215.3846153846154,217.94871794871796,1.2975000760303432
225.64102564102564,217.94871794871796,1.23674317637871
235.89743589743588,217.94871794871796,1.1678510794132668
246.15384615384616,217.94871794871796,1.0915478532597753
256.4102564102564,217.94871794871796,1.0086354583227541
266.6666666666667,217.94871794871796,0.9199853185397633
276.9230769230769,217.94871794871796,0.8265291625616735
287.1794871794872,217.94871794871796,0.7292492311197231
297.43589743589746,217.94871794871796,0.6291679535016828
307.6923076923077,217.94871794871796,0.5273372016391777
317.94871794871796,217.94871794871796,0.42482723474761397
328.20512820512823,217.94871794871796,0.3227154507125046
338.46153846153845,217.94871794871796,0.22207506244710415
348.71794871794873,217.94871794871796,0.12396381823484387
358.97435897435895,217.94871794871796,0.029412884607766088
369.2307692307692,217.94871794871796,-0.06058399139613946
379.4871794871795,217.94871794871796,-0.14508092669009076
389.7435897435897,217.94871794871796,-0.2231898435370776
400.0,217.94871794871796,-0.2940898034039765
0.0,230.76923076923077,0.40497379764700125
10.256410256410257,230.76923076923077,0.5073581760463747
20.512820512820515,230.76923076923077,0.6086664765175049
30.76923076923077,230.76923076923077,0.7078339309015272
41.02564102564103,230.76923076923077,0.8038182717106568
51.282051282051285,230.76923076923077,0.8956106865438576
61.53846153846154,230.76923076923077,0.9822464208836299
71.7948717948718,230.76923076923077,1.0628149178366508
82.05128205128206,230.76923076923077,1.1364693882477945
92.3076923076923,230.76923076923077,1.2024357106039458
102.56410256410257,230.76923076923077,1.2600205671880411
112.82051282051282,230.76923076923077,1.308618730970919
123.07692307692308,230.76923076923077,1.347719426654458
133.33333333333334,230.76923076923077,1.376911699010314
143.5897435897436,230.76923076923077,1.3958887320920652
153.84615384615384,230.76923076923077,1.4044510739250837
164.10256410256412,230.76923076923077,1.4025087327820702
174.35897435897436,230.76923076923077,1.3900821230120286
184.6153846153846,230.76923076923077,1.3673018504818442
194.87179487179486,230.76923076923077,1.3344073398855216
205.12820512820514,230.76923076923077,1.2917443183482964
215.3846153846154,230.76923076923077,1.2397611817733927
225.64102564102564,230.76923076923077,1.1790042821217595
235.89743589743588,230.76923076923077,1.1101121851563165
246.15384615384616,230.76923076923077,1.0338089590028248
256.4102564102564,230.76923076923077,0.9508965640658037
266.6666666666667,230.76923076923077,0.8622464242828128
276.9230769230769,230.76923076923077,0.7687902683047231
287.1794871794872,230.76923076923077,0.6715103368627726
297.43589743589746,230.76923076923077,0.5714290592447323
307.6923076923077,230.76923076923077,0.46959830738222735
317.94871794871796,230.76923076923077,0.3670883404906635
328.20512820512823,230.76923076923077,0.2649765564555542
338.46153846153845,230.76923076923077,0.1643361681901537
348.71794871794873,230.76923076923077,0.06622492397789342
358.97435897435895,230.76923076923077,-0.028326009649184358
369.2307692307692,230.76923076923077,-0.1183228856530899
379.4871794871795,230.76923076923077,-0.2028198209470412
389.7435897435897,230.76923076923077,-0.28092873779402805
400.0,230.76923076923077,-0.35182869766092695
0.0,243.5897435897436,0.345571379630269
10.256410256410257,243.5897435897436,0.4479557580296425
20.512820512820515,243.5897435897436,0.5492640585007728
30.76923076923077,243.5897435897436,0.6484315128847951
41.02564102564103,243.5897435897436,0.7444158536939246
51.282051282051285,243.5897435897436,0.8362082685271253
61.53846153846154,243.5897435897436,0.9228440028668976
71.7948717948718,243.5897435897436,1.0034124998199185
82.05128205128206,243.5897435897436,1.0770669702310622
92.3076923076923,243.5897435897436,1.1430332925872135
102.56410256410257,243.5897435897436,1.2006181491713088
112.82051282051282,243.5897435897436,1.2492163129541867
123.07692307692308,243.5897435897436,1.2883170086377258
133.33333333333334,243.5897435897436,1.3175092809935818
143.5897435897436,243.5897435897436,1.336486314075333
153.84615384615384,243.5897435897436,1.3450486559083514
164.10256410256412,243.5897435897436,1.3431063147653381
174.35897435897436,243.5897435897436,1.3306797049952963
184.6153846153846,243.5897435897436,1.3078994324651119
194.87179487179486,243.5897435897436,1.2750049218687893
205.12820512820514,243.5897435897436,1.232341900331564
215.3846153846154,243.5897435897436,1.1803587637566604
225.64102564102564,243.5897435897436,1.1196018641050272
235.89743589743588,243.5897435897436,1.0507097671395842
246.15384615384616,243.5897435897436,0.9744065409860927
256.4102564102564,243.5897435897436,0.8914941460490715
266.6666666666667,243.5897435897436,0.8028440062660807
276.9230769230769,243.5897435897436,0.7093878502879909
287.1794871794872,243.5897435897436,0.6121079188460403
297.43589743589746,243.5897435897436,0.5120266412280001
307.6923076923077,243.5897435897436,0.4101958893654951
317.94871794871796,243.5897435897436,0.3076859224739313
328.20512820512823,243.5897435897436,0.20557413843882197
338.46153846153845,243.5897435897436,0.10493375017342146
348.71794871794873,243.5897435897436,0.006822505961161185
358.97435897435895,243.5897435897436,-0.0877284276659166
369.2307692307692,243.5897435897436,-0.17772530366982214
379.4871794871795,243.5897435897436,-0.26222223896377345
389.7435897435897,243.5897435897436,-0.3403311558107603
400.0,243.5897435897436,-0.4112311156776592
0.0,256.4102564102564,0.2847494470571493
10.256410256410257,256.4102564102564,0.38713382545652275
20.512820512820515,256.4102564102564,0.488442125927653
30.76923076923077,256.4102564102564,0.5876095803116752
41.02564102564103,256.4102564102564,0.6835939211208049
51.282051282051285,256.4102564102564,0.7753863359540055
61.53846153846154,256.4102564102564,0.862022070293778
71.7948717948718,256.4102564102564,0.9425905672467989
82.05128205128206,256.4102564102564,1.0162450376579426
92.3076923076923,256.4102564102564,1.0822113600140937
102.56410256410257,256.4102564102564,1.1397962165981892
112.82051282051282,256.4102564102564,1.1883943803810668
123.07692307692308,256.4102564102564,1.227495076064606
133.33333333333334,256.4102564102564,1.2566873484204621
143.5897435897436,256.4102564102564,1.2756643815022133
153.84615384615384,256.4102564102564,1.2842267233352316
164.10256410256412,256.4102564102564,1.2822843821922183
174.35897435897436,256.4102564102564,1.2698577724221765
184.6153846153846,256.4102564102564,1.2470774998919922
194.87179487179486,256.4102564102564,1.2141829892956695
205.12820512820514,256.4102564102564,1.1715199677584445
215.3846153846154,256.4102564102564,1.1195368311835407
225.64102564102564,256.4102564102564,1.0587799315319075
235.89743589743588,256.4102564102564,0.9898878345664643
246.15384615384616,256.4102564102564,0.9135846084129728
256.4102564102564,256.4102564102564,0.8306722134759517
266.6666666666667,256.4102564102564,0.7420220736929608
276.9230769230769,256.4102564102564,0.648565917714871
287.1794871794872,256.4102564102564,0.5512859862729207
297.43589743589746,256.4102564102564,0.4512047086548803
307.6923076923077,256.4102564102564,0.3493739567923754
317.94871794871796,256.4102564102564,0.24686398990081154
328.20512820512823,256.4102564102564,0.14475220586570223
338.46153846153845,256.4102564102564,0.04411181760030172
348.71794871794873,256.4102564102564,-0.053999426611958556
358.97435897435895,256.4102564102564,-0.14855036023903634
369.2307692307692,256.4102564102564,-0.23854723624294188
379.4871794871795,256.4102564102564,-0.3230441715368932
389.7435897435897,256.4102564102564,-0.40115308838388003
400.0,256.4102564102564,-0.47205304825077893
0.0,269.2307692307692,0.22275784011616515
10.256410256410257,269.2307692307692,0.3251422185155386
20.512820512820515,269.2307692307692,0.42645051898666886
30.76923076923077,269.2307692307692,0.5256179733706912
41.02564102564103,269.2307692307692,0.6216023141798207
51.282051282051285,269.2307692307692,0.7133947290130214
61.53846153846154,269.2307692307692,0.8000304633527938
71.7948717948718,269.2307692307692,0.8805989603058147
82.05128205128206,269.2307692307692,0.9542534307169585
92.3076923076923,269.2307692307692,1.0202197530731096
102.56410256410257,269.2307692307692,1.077804609657205
112.82051282051282,269.2307692307692,1.1264027734400828
123.07692307692308,269.2307692307692,1.165503469123622
133.33333333333334,269.2307692307692,1.1946957414794779
143.5897435897436,269.2307692307692,1.213672774561229
153.84615384615384,269.2307692307692,1.2222351163942475
164.10256410256412,269.2307692307692,1.2202927752512343
174.35897435897436,269.2307692307692,1.2078661654811924
184.6153846153846,269.2307692307692,1.185085892951008
194.87179487179486,269.2307692307692,1.1521913823546854
205.12820512820514,269.2307692307692,1.1095283608174602
215.3846153846154,269.2307692307692,1.0575452242425565
225.64102564102564,269.2307692307692,0.9967883245909234
235.89743589743588,269.2307692307692,0.9278962276254803
246.15384615384616,269.2307692307692,0.8515930014719888
256.4102564102564,269.2307692307692,0.7686806065349676
266.6666666666667,269.2307692307692,0.6800304667519768
276.9230769230769,269.2307692307692,0.586574310773887
287.1794871794872,269.2307692307692,0.48929437933193654
297.43589743589746,269.2307692307692,0.3892131017138962
307.6923076923077,269.2307692307692,0.2873823498513912
317.94871794871796,269.2307692307692,0.18487238295982739
328.20512820512823,269.2307692307692,0.0827605989247181
338.46153846153845,269.2307692307692,-0.017879789340682406
348.71794871794873,269.2307692307692,-0.11599103355294269
358.97435897435895,269.2307692307692,-0.21054196718002047
369.2307692307692,269.2307692307692,-0.300538843183926
379.4871794871795,269.2307692307692,-0.3850357784778773
389.7435897435897,269.2307692307692,-0.46314469532486413
400.0,269.2307692307692,-0.534044655191763
0.0,282.05128205128204,0.15985120370447461
10.256410256410257,282.05128205128204,0.26223558210384806
20.512820512820515,282.05128205128204,0.3635438825749783
30.76923076923077,282.05128205128204,0.4627113369590006
41.02564102564103,282.05128205128204,0.5586956777681302
51.282051282051285,282.05128205128204,0.6504880926013309
61.53846153846154,282.05128205128204,0.7371238269411032
71.7948717948718,282.05128205128204,0.8176923238941242
82.05128205128206,282.05128205128204,0.8913467943052679
92.3076923076923,282.05128205128204,0.957313116661419
102.56410256410257,282.05128205128204,1.0148979732455146
112.82051282051282,282.05128205128204,1.0634961370283922
123.07692307692308,282.05128205128204,1.1025968327119313
133.33333333333334,282.05128205128204,1.1317891050677875
143.5897435897436,282.05128205128204,1.1507661381495387
153.84615384615384,282.05128205128204,1.159328479982557
164.10256410256412,282.05128205128204,1.1573861388395437
174.35897435897436,282.05128205128204,1.1449595290695018
184.6153846153846,282.05128205128204,1.1221792565393176
194.87179487179486,282.05128205128204,1.0892847459429948
205.12820512820514,282.05128205128204,1.0466217244057698
215.3846153846154,282.05128205128204,0.994638587830866
225.64102564102564,282.05128205128204,0.9338816881792328
235.89743589743588,282.05128205128204,0.8649895912137897
246.15384615384616,282.05128205128204,0.7886863650602982
256.4102564102564,282.05128205128204,0.705773970123277
266.6666666666667,282.05128205128204,0.6171238303402862
276.9230769230769,282.05128205128204,0.5236676743621964
287.1794871794872,282.05128205128204,0.42638774292024595
297.43589743589746,282.05128205128204,0.32630646530220564
307.6923076923077,282.05128205128204,0.22447571343970069
317.94871794871796,282.05128205128204,0.12196574654813687
328.20512820512823,282.05128205128204,0.019853962513027568
338.46153846153845,282.05128205128204,-0.08078642575237294
348.71794871794873,282.05128205128204,-0.17889766996463322
358.97435897435895,282.05128205128204,-0.27344860359171097
369.2307692307692,282.05128205128204,-0.36344547959561657
379.4871794871795,282.05128205128204,-0.4479424148895679
389.7435897435897,282.05128205128204,-0.5260513317365547
400.0,282.05128205128204,-0.5969512916034536
0.0,294.87179487179486,0.09628794141491946
10.256410256410257,294.87179487179486,0.19867231981429292
20.512820512820515,294.87179487179486,0.29998062028542316
30.76923076923077,294.87179487179486,0.39914807466944546
41.02564102564103,294.87179487179486,0.49513241547857506
51.282051282051285,294.87179487179486,0.5869248303117757
61.53846153846154,294.87179487179486,0.6735605646515481
71.7948717948718,294.87179487179486,0.754129061604569
82.05128205128206,294.87179487179486,0.8277835320157128
92.3076923076923,294.87179487179486,0.8937498543718639
102.56410256410257,294.87179487179486,0.9513347109559593
112.82051282051282,294.87179487179486,0.9999328747388371
123.07692307692308,294.87179487179486,1.039033570422376
133.33333333333334,294.87179487179486,1.0682258427782323
143.5897435897436,294.87179487179486,1.0872028758599834
153.84615384615384,294.87179487179486,1.0957652176930017
164.10256410256412,294.87179487179486,1.0938228765499884
174.35897435897436,294.87179487179486,1.0813962667799466
184.6153846153846,294.87179487179486,1.0586159942497624
194.87179487179486,294.87179487179486,1.0257214836534396
205.12820512820514,294.87179487179486,0.9830584621162146
215.3846153846154,294.87179487179486,0.9310753255413109
225.64102564102564,294.87179487179486,0.8703184258896777
235.89743589743588,294.87179487179486,0.8014263289242346
246.15384615384616,294.87179487179486,0.7251231027707431
256.4102564102564,294.87179487179486,0.6422107078337219
266.6666666666667,294.87179487179486,0.5535605680507311
276.9230769230769,294.87179487179486,0.4601044120726413
287.1794871794872,294.87179487179486,0.36282448063069084
297.43589743589746,294.87179487179486,0.26274320301265053
307.6923076923077,294.87179487179486,0.16091245115014555
317.94871794871796,294.87179487179486,0.058402484258581716
328.20512820512823,294.87179487179486,-0.043709299776527585
338.46153846153845,294.87179487179486,-0.1443496880419281
348.71794871794873,294.87179487179486,-0.24246093225418835
358.97435897435895,294.87179487179486,-0.33701186588126614
369.2307692307692,294.87179487179486,-0.4270087418851717
379.4871794871795,294.87179487179486,-0.511505677179123
389.7435897435897,294.87179487179486,-0.5896145940261098
400.0,294.87179487179486,-0.6605145538930087
0.0,307.6923076923077,0.03232915408336195
10.256410256410257,307.6923076923077,0.1347135324827354
20.512820512820515,307.6923076923077,0.23602183295386567
30.76923076923077,307.6923076923077,0.33518928733788794
41.02564102564103,307.6923076923077,0.43117362814701754
51.282051282051285,307.6923076923077,0.5229660429802182
61.53846153846154,307.6923076923077,0.6096017773199905
71.7948717948718,307.6923076923077,0.6901702742730115
82.05128205128206,307.6923076923077,0.7638247446841552
92.3076923076923,307.6923076923077,0.8297910670403064
102.56410256410257,307.6923076923077,0.8873759236244018
112.82051282051282,307.6923076923077,0.9359740874072795
123.07692307692308,307.6923076923077,0.9750747830908186
133.33333333333334,307.6923076923077,1.0042670554466748
143.5897435897436,307.6923076923077,1.023244088528426
153.84615384615384,307.6923076923077,1.0318064303614443
164.10256410256412,307.6923076923077,1.029864089218431
174.35897435897436,307.6923076923077,1.0174374794483891
184.6153846153846,307.6923076923077,0.9946572069182048
194.87179487179486,307.6923076923077,0.9617626963218822
205.12820512820514,307.6923076923077,0.919099674784657
215.3846153846154,307.6923076923077,0.8671165382097533
225.64102564102564,307.6923076923077,0.8063596385581201
235.89743589743588,307.6923076923077,0.737467541592677
246.15384615384616,307.6923076923077,0.6611643154391855
256.4102564102564,307.6923076923077,0.5782519205021643
266.6666666666667,307.6923076923077,0.48960178071917354
276.9230769230769,307.6923076923077,0.3961456247410838
287.1794871794872,307.6923076923077,0.2988656932991333
297.43589743589746,307.6923076923077,0.198784415681093
307.6923076923077,307.6923076923077,0.09695366381858803
317.94871794871796,307.6923076923077,-0.0055563030729757976
328.20512820512823,307.6923076923077,-0.10766808710808509
338.46153846153845,307.6923076923077,-0.2083084753734856
348.71794871794873,307.6923076923077,-0.3064197195857459
358.97435897435895,307.6923076923077,-0.40097065321282366
369.2307692307692,307.6923076923077,-0.4909675292167292
379.4871794871795,307.6923076923077,-0.5754644645106806
389.7435897435897,307.6923076923077,-0.6535733813576674
400.0,307.6923076923077,-0.7244733412245663
0.0,320.5128205128205,-0.03176243274353033
10.256410256410257,320.5128205128205,0.07062194565584314
20.512820512820515,320.5128205128205,0.17193024612697339
30.76923076923077,320.5128205128205,0.2710977005109957
41.02564102564103,320.5128205128205,0.36708204132012523
51.282051282051285,320.5128205128205,0.4588744561533259
61.53846153846154,320.5128205128205,0.5455101904930983
71.7948717948718,320.5128205128205,0.6260786874461193
82.05128205128206,320.5128205128205,0.699733157857263
92.3076923076923,320.5128205128205,0.7656994802134142
102.56410256410257,320.5128205128205,0.8232843367975096
112.82051282051282,320.5128205128205,0.8718825005803873
123.07692307692308,320.5128205128205,0.9109831962639264
133.33333333333334,320.5128205128205,0.9401754686197825
143.5897435897436,320.5128205128205,0.9591525017015337
153.84615384615384,320.5128205128205,0.9677148435345521
164.10256410256412,320.5128205128205,0.9657725023915388
174.35897435897436,320.5128205128205,0.9533458926214969
184.6153846153846,320.5128205128205,0.9305656200913126
194.87179487179486,320.5128205128205,0.89767110949499
205.12820512820514,320.5128205128205,0.8550080879577648
215.3846153846154,320.5128205128205,0.8030249513828611
225.64102564102564,320.5128205128205,0.7422680517312279
235.89743589743588,320.5128205128205,0.6733759547657848
246.15384615384616,320.5128205128205,0.5970727286122933
256.4102564102564,320.5128205128205,0.5141603336752721
266.6666666666667,320.5128205128205,0.4255101938922813
276.9230769230769,320.5128205128205,0.3320540379141915
287.1794871794872,320.5128205128205,0.23477410647224103
297.43589743589746,320.5128205128205,0.13469282885420072
307.6923076923077,320.5128205128205,0.03286207699169576
317.94871794871796,320.5128205128205,-0.06964788989986807
328.20512820512823,320.5128205128205,-0.17175967393497737
338.46153846153845,320.5128205128205,-0.2724000622003779
348.71794871794873,320.5128205128205,-0.3705113064126382
358.97435897435895,320.5128205128205,-0.46506224003971597
369.2307692307692,320.5128205128205,-0.5550591160436215
379.4871794871795,320.5128205128205,-0.6395560513375728
389.7435897435897,320.5128205128205,-0.7176649681845596
400.0,320.5128205128205,-0.7885649280514585
0.0,333.3333333333333,-0.09572354801437544
10.256410256410257,333.3333333333333,0.006660830384998026
20.512820512820515,333.3333333333333,0.10796913085612828
30.76923076923077,333.3333333333333,0.20713658524015055
41.02564102564103,333.3333333333333,0.30312092604928015
51.282051282051285,333.3333333333333,0.3949133408824808
61.53846153846154,333.3333333333333,0.4815490752222532
71.7948717948718,333.3333333333333,0.5621175721752741
82.05128205128206,333.3333333333333,0.6357720425864178
92.3076923076923,333.3333333333333,0.701738364942569
102.56410256410257,333.3333333333333,0.7593232215266644
112.82051282051282,333.3333333333333,0.8079213853095422
123.07692307692308,333.3333333333333,0.8470220809930813
133.33333333333334,333.3333333333333,0.8762143533489374
143.5897435897436,333.3333333333333,0.8951913864306885
153.84615384615384,333.3333333333333,0.9037537282637069
164.10256410256412,333.3333333333333,0.9018113871206936
174.35897435897436,333.3333333333333,0.8893847773506518
184.6153846153846,333.3333333333333,0.8666045048204675
194.87179487179486,333.3333333333333,0.8337099942241448
205.12820512820514,333.3333333333333,0.7910469726869197
215.3846153846154,333.3333333333333,0.739063836112016
225.64102564102564,333.3333333333333,0.6783069364603828
235.89743589743588,333.3333333333333,0.6094148394949397
246.15384615384616,333.3333333333333,0.5331116133414482
256.4102564102564,333.3333333333333,0.450199218404427
266.6666666666667,333.3333333333333,0.36154907862143615
276.9230769230769,333.3333333333333,0.2680929226433464
287.1794871794872,333.3333333333333,0.17081299120139593
297.43589743589746,333.3333333333333,0.07073171358335562
307.6923076923077,333.3333333333333,-0.031099038279149352
317.94871794871796,333.3333333333333,-0.13360900517071317
328.20512820512823,333.3333333333333,-0.23572078920582248
338.46153846153845,333.3333333333333,-0.33636117747122296
348.71794871794873,333.3333333333333,-0.43447242168348327
358.97435897435895,333.3333333333333,-0.529023355310561
369.2307692307692,333.3333333333333,-0.6190202313144666
379.4871794871795,333.3333333333333,-0.7035171666084179
389.7435897435897,333.3333333333333,-0.7816260834554047
400.0,333.3333333333333,-0.8525260433223036
0.0,346.15384615384613,-0.15929145661995542
10.256410256410257,346.15384615384613,-0.056907078220581955
20.512820512820515,346.15384615384613,0.044401222250548295
30.76923076923077,346.15384615384613,0.14356867663457057
41.02564102564103,346.15384615384613,0.23955301744370017
51.282051282051285,346.15384615384613,0.33134543227690083
61.53846153846154,346.15384615384613,0.4179811666166732
71.7948717948718,346.15384615384613,0.49854966356969416
82.05128205128206,346.15384615384613,0.5722041339808379
92.3076923076923,346.15384615384613,0.638170456336989
102.56410256410257,346.15384615384613,0.6957553129210845
112.82051282051282,346.15384615384613,0.7443534767039621
123.07692307692308,346.15384615384613,0.7834541723875013
133.33333333333334,346.15384615384613,0.8126464447433575
143.5897435897436,346.15384615384613,0.8316234778251086
153.84615384615384,346.15384615384613,0.8401858196581269
164.10256410256412,346.15384615384613,0.8382434785151136
174.35897435897436,346.15384615384613,0.8258168687450718
184.6153846153846,346.15384615384613,0.8030365962148875
194.87179487179486,346.15384615384613,0.7701420856185648
205.12820512820514,346.15384615384613,0.7274790640813398
215.3846153846154,346.15384615384613,0.6754959275064361
225.64102564102564,346.15384615384613,0.6147390278548028
235.89743589743588,346.15384615384613,0.5458469308893596
246.15384615384616,346.15384615384613,0.4695437047358682
256.4102564102564,346.15384615384613,0.386631309798847
266.6666666666667,346.15384615384613,0.29798117001585617
276.9230769230769,346.15384615384613,0.2045250140377664
287.1794871794872,346.15384615384613,0.10724508259581594
297.43589743589746,346.15384615384613,0.007163804977775634
307.6923076923077,346.15384615384613,-0.09466694688472933
317.94871794871796,346.15384615384613,-0.19717691377629315
328.20512820512823,346.15384615384613,-0.29928869781140244
338.46153846153845,346.15384615384613,-0.399929086076803
348.71794871794873,346.15384615384613,-0.49804033028906325
358.97435897435895,346.15384615384613,-0.592591263916141
369.2307692307692,346.15384615384613,-0.6825881399200466
379.4871794871795,346.15384615384613,-0.7670850752139979
389.7435897435897,346.15384615384613,-0.8451939920609848
400.0,346.15384615384613,-0.9160939519278837
0.0,358.97435897435895,-0.22220503863858787
10.256410256410257,358.97435897435895,-0.11982066023921441
20.512820512820515,358.97435897435895,-0.018512359768084158
30.76923076923077,358.97435897435895,0.08065509461593812
41.02564102564103,358.97435897435895,0.17663943542506771
51.282051282051285,358.97435897435895,0.2684318502582684
61.53846153846154,358.97435897435895,0.3550675845980408
71.7948717948718,358.97435897435895,0.4356360815510617
82.05128205128206,358.97435897435895,0.5092905519622054
92.3076923076923,358.97435897435895,0.5752568743183566
102.56410256410257,358.97435897435895,0.632841730902452
112.82051282051282,358.97435897435895,0.6814398946853297
123.07692307692308,358.97435897435895,0.7205405903688689
133.33333333333334,358.97435897435895,0.749732862724725
143.5897435897436,358.97435897435895,0.7687098958064761
153.84615384615384,358.97435897435895,0.7772722376394945
164.10256410256412,358.97435897435895,0.7753298964964812
174.35897435897436,358.97435897435895,0.7629032867264394
184.6153846153846,358.97435897435895,0.740123014196255
194.87179487179486,358.97435897435895,0.7072285035999324
205.12820512820514,358.97435897435895,0.6645654820627073
215.3846153846154,358.97435897435895,0.6125823454878035
225.64102564102564,358.97435897435895,0.5518254458361703
235.89743589743588,358.97435897435895,0.48293334887072725
246.15384615384616,358.97435897435895,0.40663012271723575
256.4102564102564,358.97435897435895,0.32371772778021457
266.6666666666667,358.97435897435895,0.23506758799722371
276.9230769230769,358.97435897435895,0.14161143201913395
287.1794871794872,358.97435897435895,0.04433150057718349
297.43589743589746,358.97435897435895,-0.05574977704085682
307.6923076923077,358.97435897435895,-0.15758052890336177
317.94871794871796,358.97435897435895,-0.2600904957949256
328.20512820512823,358.97435897435895,-0.36220227983003495
338.46153846153845,358.97435897435895,-0.4628426680954354
348.71794871794873,358.97435897435895,-0.5609539123076956
358.97435897435895,358.97435897435895,-0.6555048459347734
369.2307692307692,358.97435897435895,-0.745501721938679
379.4871794871795,358.97435897435895,-0.8299986572326303
389.7435897435897,358.97435897435895,-0.9081075740796172
400.0,358.97435897435895,-0.9790075339465161
0.0,371.79487179487177,-0.2842058619467402
10.256410256410257,371.79487179487177,-0.1818214835473667
20.512820512820515,371.79487179487177,-0.08051318307623648
30.76923076923077,371.79487179487177,0.018654271307785797
41.02564102564103,371.79487179487177,0.1146386121169154
51.282051282051285,371.79487179487177,0.20643102695011606
61.53846153846154,371.79487179487177,0.29306676128988846
71.7948717948718,371.79487179487177,0.3736352582429094
82.05128205128206,371.79487179487177,0.4472897286540531
92.3076923076923,371.79487179487177,0.5132560510102042
102.56410256410257,371.79487179487177,0.5708409075942997
112.82051282051282,371.79487179487177,0.6194390713771774
123.07692307692308,371.79487179487177,0.6585397670607165
133.33333333333334,371.79487179487177,0.6877320394165727
143.5897435897436,371.79487179487177,0.7067090724983238
153.84615384615384,371.79487179487177,0.7152714143313421
164.10256410256412,371.79487179487177,0.7133290731883288
174.35897435897436,371.79487179487177,0.700902463418287
184.6153846153846,371.79487179487177,0.6781221908881028
194.87179487179486,371.79487179487177,0.64522768029178
205.12820512820514,371.79487179487177,0.602564658754555
215.3846153846154,371.79487179487177,0.5505815221796513
225.64102564102564,371.79487179487177,0.489824622528018
235.89743589743588,371.79487179487177,0.42093252556257493
246.15384615384616,371.79487179487177,0.34462929940908343
256.4102564102564,371.79487179487177,0.26171690447206225
266.6666666666667,371.79487179487177,0.1730667646890714
276.9230769230769,371.79487179487177,0.07961060871098163
287.1794871794872,371.79487179487177,-0.01766932273096883
297.43589743589746,371.79487179487177,-0.11775060034900914
307.6923076923077,371.79487179487177,-0.2195813522115141
317.94871794871796,371.79487179487177,-0.3220913191030779
328.20512820512823,371.79487179487177,-0.4242031031381872
338.46153846153845,371.79487179487177,-0.5248434914035878
348.71794871794873,371.79487179487177,-0.622954735615848
358.97435897435895,371.79487179487177,-0.7175056692429258
369.2307692307692,371.79487179487177,-0.8075025452468314
379.4871794871795,371.79487179487177,-0.8919994805407827
389.7435897435897,371.79487179487177,-0.9701083973877695
400.0,371.79487179487177,-1.0410083572546684
0.0,384.61538461538464,-0.34503924378889006
10.256410256410257,384.61538461538464,-0.24265486538951658
20.512820512820515,384.61538461538464,-0.14134656491838635
30.76923076923077,384.61538461538464,-0.04217911053436407
41.02564102564103,384.61538461538464,0.053805230274765525
51.282051282051285,384.61538461538464,0.1455976451079662
61.53846153846154,384.61538461538464,0.23223337944773859
71.7948717948718,384.61538461538464,0.3128018764007595
82.05128205128206,384.61538461538464,0.3864563468119032
92.3076923076923,384.61538461538464,0.4524226691680544
102.56410256410257,384.61538461538464,0.5100075257521498
112.82051282051282,384.61538461538464,0.5586056895350275
123.07692307692308,384.61538461538464,0.5977063852185667
133.33333333333334,384.61538461538464,0.6268986575744228
143.5897435897436,384.61538461538464,0.6458756906561739
153.84615384615384,384.61538461538464,0.6544380324891923
164.10256410256412,384.61538461538464,0.652495691346179
174.35897435897436,384.61538461538464,0.6400690815761372
184.6153846153846,384.61538461538464,0.6172888090459528
194.87179487179486,384.61538461538464,0.5843942984496302
205.12820512820514,384.61538461538464,0.5417312769124051
215.3846153846154,384.61538461538464,0.48974814033750136
225.64102564102564,384.61538461538464,0.42899124068586814
235.89743589743588,384.61538461538464,0.36009914372042506
246.15384615384616,384.61538461538464,0.28379591756693356
256.4102564102564,384.61538461538464,0.20088352262991238
266.6666666666667,384.61538461538464,0.11223338284692153
276.9230769230769,384.61538461538464,0.018777226868831765
287.1794871794872,384.61538461538464,-0.0785027045731187
297.43589743589746,384.61538461538464,-0.178583982191159
307.6923076923077,384.61538461538464,-0.28041473405366396
317.94871794871796,384.61538461538464,-0.3829247009452278
328.20512820512823,384.61538461538464,-0.48503648498033713
338.46153846153845,384.61538461538464,-0.5856768732457376
348.71794871794873,384.61538461538464,-0.6837881174579978
358.97435897435895,384.61538461538464,-0.7783390510850756
369.2307692307692,384.61538461538464,-0.8683359270889812
379.4871794871795,384.61538461538464,-0.9528328623829325
389.7435897435897,384.61538461538464,-1.0309417792299194
400.0,384.61538461538464,-1.1018417390968183
0.0,397.43589743589746,-0.40445529694598664
10.256410256410257,397.43589743589746,-0.30207091854661317
20.512820512820515,397.43589743589746,-0.20076261807548293
30.76923076923077,397.43589743589746,-0.10159516369146065
41.02564102564103,397.43589743589746,-0.005610822882331057
51.282051282051285,397.43589743589746,0.08618159195086961
61.53846153846154,397.43589743589746,0.172817326290642
71.7948717948718,397.43589743589746,0.25338582324366293
82.05128205128206,397.43589743589746,0.32704029365480664
92.3076923076923,397.43589743589746,0.3930066160109578
102.56410256410257,397.43589743589746,0.4505914725950532
112.82051282051282,397.43589743589746,0.49918963637793096
123.07692307692308,397.43589743589746,0.53829033206147
133.33333333333334,397.43589743589746,0.5674826044173262
143.5897435897436,397.43589743589746,0.5864596374990774
153.84615384615384,397.43589743589746,0.5950219793320957
164.10256410256412,397.43589743589746,0.5930796381890824
174.35897435897436,397.43589743589746,0.5806530284190405
184.6153846153846,397.43589743589746,0.5578727558888563
194.87179487179486,397.43589743589746,0.5249782452925336
205.12820512820514,397.43589743589746,0.4823152237553085
215.3846153846154,397.43589743589746,0.4303320871804048
225.64102564102564,397.43589743589746,0.36957518752877155
235.89743589743588,397.43589743589746,0.3006830905633285
246.15384615384616,397.43589743589746,0.22437986440983698
256.4102564102564,397.43589743589746,0.1414674694728158
266.6666666666667,397.43589743589746,0.05281732968982494
276.9230769230769,397.43589743589746,-0.04063882628826482
287.1794871794872,397.43589743589746,-0.13791875773021528
297.43589743589746,397.43589743589746,-0.2380000353482556
307.6923076923077,397.43589743589746,-0.33983078721076054
317.94871794871796,397.43589743589746,-0.4423407541023244
328.20512820512823,397.43589743589746,-0.5444525381374337
338.46153846153845,397.43589743589746,-0.6450929264028342
348.71794871794873,397.43589743589746,-0.7432041706150945
358.97435897435895,397.43589743589746,-0.8377551042421723
369.2307692307692,397.43589743589746,-0.9277519802460779
379.4871794871795,397.43589743589746,-1.0122489155400292
389.7435897435897,397.43589743589746,-1.090357832387016
400.0,397.43589743589746,-1.161257792253915
0.0,410.2564102564103,-0.4622099562051362
10.256410256410257,410.2564102564103,-0.35982557780576274
20.512820512820515,410.2564102564103,-0.2585172773346325
30.76923076923077,410.2564102564103,-0.15934982295061023
41.02564102564103,410.2564102564103,-0.06336548214148063
51.282051282051285,410.2564102564103,0.02842693269172003
61.53846153846154,410.2564102564103,0.11506266703149243
71.7948717948718,410.2564102564103,0.19563116398451336
82.05128205128206,410.2564102564103,0.26928563439565706
92.3076923076923,410.2564102564103,0.33525195675180824
102.56410256410257,410.2564102564103,0.39283681333590365
112.82051282051282,410.2564102564103,0.4414349771187814
123.07692307692308,410.2564102564103,0.4805356728023205
133.33333333333334,410.2564102564103,0.5097279451581767
143.5897435897436,410.2564102564103,0.5287049782399278
153.84615384615384,410.2564102564103,0.5372673200729461
164.10256410256412,410.2564102564103,0.5353249789299328
174.35897435897436,410.2564102564103,0.522898369159891
184.6153846153846,410.2564102564103,0.5001180966297067
194.87179487179486,410.2564102564103,0.46722358603338404
205.12820512820514,410.2564102564103,0.4245605644961589
215.3846153846154,410.2564102564103,0.3725774279212552
225.64102564102564,410.2564102564103,0.311820528269622
235.89743589743588,410.2564102564103,0.2429284313041789
246.15384615384616,410.2564102564103,0.1666252051506874
256.4102564102564,410.2564102564103,0.08371281021366622
266.6666666666667,410.2564102564103,-0.004937329569324633
276.9230769230769,410.2564102564103,-0.0983934855474144
287.1794871794872,410.2564102564103,-0.19567341698936486
297.43589743589746,410.2564102564103,-0.29575469460740517
307.6923076923077,410.2564102564103,-0.3975854464699101
317.94871794871796,410.2564102564103,-0.500095413361474
328.20512820512823,410.2564102564103,-0.6022071973965832
338.46153846153845,410.2564102564103,-0.7028475856619838
348.71794871794873,410.2564102564103,-0.800958829874244
358.97435897435895,410.2564102564103,-0.8955097635013218
369.2307692307692,410.2564102564103,-0.9855066395052274
379.4871794871795,410.2564102564103,-1.0700035747991787
389.7435897435897,410.2564102564103,-1.1481124916461656
400.0,410.2564102564103,-1.2190124515130645
0.0,423.0769230769231,-0.5180659809140442
10.256410256410257,423.0769230769231,-0.41568160251467073
20.512820512820515,423.0769230769231,-0.3143733020435405
30.76923076923077,423.0769230769231,-0.21520584765951822
41.02564102564103,423.0769230769231,-0.11922150685038863
51.282051282051285,423.0769230769231,-0.02742909201718796
61.53846153846154,423.0769230769231,0.059206642322584435
71.7948717948718,423.0769230769231,0.13977513927560536
82.05128205128206,423.0769230769231,0.21342960968674907
92.3076923076923,423.0769230769231,0.27939593204290025
102.56410256410257,423.0769230769231,0.33698078862699565
112.82051282051282,423.0769230769231,0.3855789524098734
123.07692307692308,423.0769230769231,0.4246796480934125
133.33333333333334,423.0769230769231,0.4538719204492686
143.5897435897436,423.0769230769231,0.47284895353101974
153.84615384615384,423.0769230769231,0.48141129536403815
164.10256410256412,423.0769230769231,0.47946895422102487
174.35897435897436,423.0769230769231,0.467042344450983
184.6153846153846,423.0769230769231,0.4442620719207987
194.87179487179486,423.0769230769231,0.41136756132447605
205.12820512820514,423.0769230769231,0.36870453978725093
215.3846153846154,423.0769230769231,0.3167214032123472
225.64102564102564,423.0769230769231,0.255964503560714
235.89743589743588,423.0769230769231,0.1870724065952709
246.15384615384616,423.0769230769231,0.11076918044177941
256.4102564102564,423.0769230769231,0.02785678550475823
266.6666666666667,423.0769230769231,-0.060793354278232625
276.9230769230769,423.0769230769231,-0.1542495102563224
287.1794871794872,423.0769230769231,-0.25152944169827285
297.43589743589746,423.0769230769231,-0.35161071931631316
307.6923076923077,423.0769230769231,-0.4534414711788181
317.94871794871796,423.0769230769231,-0.5559514380703819
328.20512820512823,423.0769230769231,-0.6580632221054913
338.46153846153845,423.0769230769231,-0.7587036103708917
348.71794871794873,423.0769230769231,-0.856814854583152
358.97435897435895,423.0769230769231,-0.9513657882102298
369.2307692307692,423.0769230769231,-1.0413626642141354
379.4871794871795,423.0769230769231,-1.1258595995080867
389.7435897435897,423.0769230769231,-1.2039685163550735
400.0,423.0769230769231,-1.2748684762219724
0.0,435.8974358974359,-0.5717939295019974
10.256410256410257,435.8974358974359,-0.4694095511026239
20.512820512820515,435.8974358974359,-0.3681012506314937
30.76923076923077,435.8974358974359,-0.2689337962474714
41.02564102564103,435.8974358974359,-0.17294945543834178
51.282051282051285,435.8974358974359,-0.08115704060514112
61.53846153846154,435.8974358974359,0.005478693734631279
71.7948717948718,435.8974358974359,0.08604719068765221
82.05128205128206,435.8974358974359,0.1597016610987959
92.3076923076923,435.8974358974359,0.2256679834549471
102.56410256410257,435.8974358974359,0.2832528400390425
112.82051282051282,435.8974358974359,0.33185100382192023
123.07692307692308,435.8974358974359,0.37095169950545936
133.33333333333334,435.8974358974359,0.40014397186131545
143.5897435897436,435.8974358974359,0.4191210049430666
153.84615384615384,435.8974358974359,0.427683346776085
164.10256410256412,435.8974358974359,0.4257410056330717
174.35897435897436,435.8974358974359,0.41331439586302987
184.6153846153846,435.8974358974359,0.39053412333284554
194.87179487179486,435.8974358974359,0.3576396127365229
205.12820512820514,435.8974358974359,0.3149765911992978
215.3846153846154,435.8974358974359,0.26299345462439405
225.64102564102564,435.8974358974359,0.20223655497276083
235.89743589743588,435.8974358974359,0.13334445800731776
246.15384615384616,435.8974358974359,0.05704123185382626
256.4102564102564,435.8974358974359,-0.025871163083194926
266.6666666666667,435.8974358974359,-0.11452130286618578
276.9230769230769,435.8974358974359,-0.20797745884427554
287.1794871794872,435.8974358974359,-0.305257390286226
297.43589743589746,435.8974358974359,-0.4053386679042663
307.6923076923077,435.8974358974359,-0.5071694197667713
317.94871794871796,435.8974358974359,-0.6096793866583351
328.20512820512823,435.8974358974359,-0.7117911706934444
338.46153846153845,435.8974358974359,-0.8124315589588449
348.71794871794873,435.8974358974359,-0.9105428031711051
358.97435897435895,435.8974358974359,-1.005093736798183
369.2307692307692,435.8974358974359,-1.0950906128020885
379.4871794871795,435.8974358974359,-1.1795875480960398
389.7435897435897,435.8974358974359,-1.2576964649430267
400.0,435.8974358974359,-1.3285964248099256
0.0,448.71794871794873,-0.6231731019643038
10.256410256410257,448.71794871794873,-0.5207887235649303
20.512820512820515,448.71794871794873,-0.41948042309380007
30.76923076923077,448.71794871794873,-0.32031296870977777
41.02564102564103,448.71794871794873,-0.22432862790064817
51.282051282051285,448.71794871794873,-0.1325362130674475
61.53846153846154,448.71794871794873,-0.04590047872767511
71.7948717948718,448.71794871794873,0.03466801822534582
82.05128205128206,448.71794871794873,0.10832248863648952
92.3076923076923,448.71794871794873,0.1742888109926407
102.56410256410257,448.71794871794873,0.2318736675767361
112.82051282051282,448.71794871794873,0.28047183135961384
123.07692307692308,448.71794871794873,0.319572527043153
133.33333333333334,448.71794871794873,0.34876479939900906
143.5897435897436,448.71794871794873,0.3677418324807602
153.84615384615384,448.71794871794873,0.3763041743137786
164.10256410256412,448.71794871794873,0.3743618331707653
174.35897435897436,448.71794871794873,0.3619352234007235
184.6153846153846,448.71794871794873,0.33915495087053915
194.87179487179486,448.71794871794873,0.3062604402742165
205.12820512820514,448.71794871794873,0.2635974187369914
215.3846153846154,448.71794871794873,0.21161428216208766
225.64102564102564,448.71794871794873,0.15085738251045444
235.89743589743588,448.71794871794873,0.08196528554501137
246.15384615384616,448.71794871794873,0.005662059391519869
256.4102564102564,448.71794871794873,-0.07725033554550131
266.6666666666667,448.71794871794873,-0.16590047532849217
276.9230769230769,448.71794871794873,-0.25935663130658193
287.1794871794872,448.71794871794873,-0.3566365627485324
297.43589743589746,448.71794871794873,-0.4567178403665727
307.6923076923077,448.71794871794873,-0.5585485922290777
317.94871794871796,448.71794871794873,-0.6610585591206415
328.20512820512823,448.71794871794873,-0.7631703431557508
338.46153846153845,448.71794871794873,-0.8638107314211513
348.71794871794873,448.71794871794873,-0.9619219756334116
358.97435897435895,448.71794871794873,-1.0564729092604894
369.2307692307692,448.71794871794873,-1.146469785264395
379.4871794871795,448.71794871794873,-1.2309667205583463
389.7435897435897,448.71794871794873,-1.309075637405333
400.0,448.71794871794873,-1.379975597272232
0.0,461.53846153846155,-0.6719924464387314
10.256410256410257,461.53846153846155,-0.5696080680393579
20.512820512820515,461.53846153846155,-0.46829976756822767
30.76923076923077,461.53846153846155,-0.36913231318420536
41.02564102564103,461.53846153846155,-0.27314797237507576
51.282051282051285,461.53846153846155,-0.1813555575418751
61.53846153846154,461.53846153846155,-0.0947198232021027
71.7948717948718,461.53846153846155,-0.014151326249081775
82.05128205128206,461.53846153846155,0.05950314416206193
92.3076923076923,461.53846153846155,0.1254694665182131
102.56410256410257,461.53846153846155,0.1830543231023085
112.82051282051282,461.53846153846155,0.23165248688518625
123.07692307692308,461.53846153846155,0.2707531825687254
133.33333333333334,461.53846153846155,0.29994545492458147
143.5897435897436,461.53846153846155,0.3189224880063326
153.84615384615384,461.53846153846155,0.327484829839351
164.10256410256412,461.53846153846155,0.32554248869633773
174.35897435897436,461.53846153846155,0.3131158789262959
184.6153846153846,461.53846153846155,0.29033560639611156
194.87179487179486,461.53846153846155,0.2574410957997889
205.12820512820514,461.53846153846155,0.2147780742625638
215.3846153846154,461.53846153846155,0.16279493768766007
225.64102564102564,461.53846153846155,0.10203803803602685
235.89743589743588,461.53846153846155,0.03314594107058377
246.15384615384616,461.53846153846155,-0.043157285082907726
256.4102564102564,461.53846153846155,-0.1260696800199289
266.6666666666667,461.53846153846155,-0.21471981980291976
276.9230769230769,461.53846153846155,-0.3081759757810095
287.1794871794872,461.53846153846155,-0.40545590722296
297.43589743589746,461.53846153846155,-0.5055371848410003
307.6923076923077,461.53846153846155,-0.6073679367035053
317.94871794871796,461.53846153846155,-0.7098779035950691
328.20512820512823,461.53846153846155,-0.8119896876301784
338.46153846153845,461.53846153846155,-0.9126300758955789
348.71794871794873,461.53846153846155,-1.0107413201078392
358.97435897435895,461.53846153846155,-1.105292253734917
369.2307692307692,461.53846153846155,-1.1952891297388226
379.4871794871795,461.53846153846155,-1.279786065032774
389.7435897435897,461.53846153846155,-1.3578949818797605
400.0,461.53846153846155,-1.4287949417466597
0.0,474.35897435897436,-0.718051426149957
10.256410256410257,474.35897435897436,-0.6156670477505836
20.512820512820515,474.35897435897436,-0.5143587472794533
30.76923076923077,474.35897435897436,-0.415191292895431
41.02564102564103,474.35897435897436,-0.3192069520863014
51.282051282051285,474.35897435897436,-0.22741453725310073
61.53846153846154,474.35897435897436,-0.14077880291332834
71.7948717948718,474.35897435897436,-0.06021030596030741
82.05128205128206,474.35897435897436,0.013444164450836293
92.3076923076923,474.35897435897436,0.07941048680698748
102.56410256410257,474.35897435897436,0.13699534339108288
112.82051282051282,474.35897435897436,0.18559350717396061
123.07692307692308,474.35897435897436,0.22469420285749975
133.33333333333334,474.35897435897436,0.25388647521335583
143.5897435897436,474.35897435897436,0.27286350829510697
153.84615384615384,474.35897435897436,0.2814258501281254
164.10256410256412,474.35897435897436,0.2794835089851121
174.35897435897436,474.35897435897436,0.26705689921507025
184.6153846153846,474.35897435897436,0.24427662668488592
194.87179487179486,474.35897435897436,0.21138211608856328
205.12820512820514,474.35897435897436,0.16871909455133816
215.3846153846154,474.35897435897436,0.11673595797643443
225.64102564102564,474.35897435897436,0.05597905832480121
235.89743589743588,474.35897435897436,-0.01291303864064186
246.15384615384616,474.35897435897436,-0.08921626479413336
256.4102564102564,474.35897435897436,-0.17212865973115454
266.6666666666667,474.35897435897436,-0.2607787995141454
276.9230769230769,474.35897435897436,-0.35423495549223516
287.1794871794872,474.35897435897436,-0.4515148869341856
297.43589743589746,474.35897435897436,-0.5515961645522259
307.6923076923077,474.35897435897436,-0.6534269164147309
317.94871794871796,474.35897435897436,-0.7559368833062947
328.20512820512823,474.35897435897436,-0.8580486673414041
338.46153846153845,474.35897435897436,-0.9586890556068045
348.71794871794873,474.35897435897436,-1.0568002998190649
358.97435897435895,474.35897435897436,-1.1513512334461427
369.2307692307692,474.35897435897436,-1.241348109450048
379.4871794871795,474.35897435897436,-1.3258450447439993
389.7435897435897,474.35897435897436,-1.4039539615909864
400.0,474.35897435897436,-1.474853921457885
0.0,487.1794871794872,-0.761160843160865
10.256410256410257,487.1794871794872,-0.6587764647614915
20.512820512820515,487.1794871794872,-0.5574681642903613
30.76923076923077,487.1794871794872,-0.458300709906339
41.02564102564103,487.1794871794872,-0.3623163690972094
51.282051282051285,487.1794871794872,-0.2705239542640087
61.53846153846154,487.1794871794872,-0.18388821992423632
71.7948717948718,487.1794871794872,-0.10331972297121539
82.05128205128206,487.1794871794872,-0.029665252560071687
92.3076923076923,487.1794871794872,0.0363010697960795
102.56410256410257,487.1794871794872,0.0938859263801749
112.82051282051282,487.1794871794872,0.14248409016305263
123.07692307692308,487.1794871794872,0.18158478584659177
133.33333333333334,487.1794871794872,0.21077705820244785
143.5897435897436,487.1794871794872,0.229754091284199
153.84615384615384,487.1794871794872,0.2383164331172174
164.10256410256412,487.1794871794872,0.23637409197420411
174.35897435897436,487.1794871794872,0.22394748220416227
184.6153846153846,487.1794871794872,0.20116720967397794
194.87179487179486,487.1794871794872,0.1682726990776553
205.12820512820514,487.1794871794872,0.12560967754043018
215.3846153846154,487.1794871794872,0.07362654096552645
225.64102564102564,487.1794871794872,0.012869641313893232
235.89743589743588,487.1794871794872,-0.05602245565154984
246.15384615384616,487.1794871794872,-0.13232568180504134
256.4102564102564,487.1794871794872,-0.21523807674206252
266.6666666666667,487.1794871794872,-0.3038882165250534
276.9230769230769,487.1794871794872,-0.39734437250314314
287.1794871794872,487.1794871794872,-0.4946243039450936
297.43589743589746,487.1794871794872,-0.5947055815631339
307.6923076923077,487.1794871794872,-0.6965363334256389
317.94871794871796,487.1794871794872,-0.7990463003172027
328.20512820512823,487.1794871794872,-0.901158084352312
338.46153846153845,487.1794871794872,-1.0017984726177125
348.71794871794873,487.1794871794872,-1.0999097168299727
358.97435897435895,487.1794871794872,-1.1944606504570505
369.2307692307692,487.1794871794872,-1.2844575264609561
379.4871794871795,487.1794871794872,-1.3689544617549074
389.7435897435897,487.1794871794872,-1.4470633786018943
400.0,487.1794871794872,-1.5179633384687932
0.0,500.0,-0.8011436155469337
10.256410256410257,500.0,-0.6987592371475603
20.512820512820515,500.0,-0.59745093667643
30.76923076923077,500.0,-0.4982834822924077
41.02564102564103,500.0,-0.4022991414832781
51.282051282051285,500.0,-0.31050672665007745
61.53846153846154,500.0,-0.22387099231030505
71.7948717948718,500.0,-0.14330249535728412
82.05128205128206,500.0,-0.06964802494614042
92.3076923076923,500.0,-0.003681702589989233
102.56410256410257,500.0,0.05390315399410617
112.82051282051282,500.0,0.1025013177769839
123.07692307692308,500.0,0.14160201346052304
133.33333333333334,500.0,0.17079428581637912
143.5897435897436,500.0,0.18977131889813026
153.84615384615384,500.0,0.19833366073114866
164.10256410256412,500.0,0.19639131958813538
174.35897435897436,500.0,0.18396470981809354
184.6153846153846,500.0,0.1611844372879092
194.87179487179486,500.0,0.12828992669158656
205.12820512820514,500.0,0.08562690515436144
215.3846153846154,500.0,0.03364376857945772
225.64102564102564,500.0,-0.0271131310721755
235.89743589743588,500.0,-0.09600522803761857
246.15384615384616,500.0,-0.17230845419111007
256.4102564102564,500.0,-0.25522084912813126
266.6666666666667,500.0,-0.3438709889111221
276.9230769230769,500.0,-0.43732714488921187
287.1794871794872,500.0,-0.5346070763311623
297.43589743589746,500.0,-0.6346883539492026
307.6923076923077,500.0,-0.7365191058117077
317.94871794871796,500.0,-0.8390290727032714
328.20512820512823,500.0,-0.9411408567383808
338.46153846153845,500.0,-1.0417812450037813
348.71794871794873,500.0,-1.1398924892160416
358.97435897435895,500.0,-1.2344434228431194
369.2307692307692,500.0,-1.324440298847025
379.4871794871795,500.0,-1.4089372341409763
389.7435897435897,500.0,-1.487046150987963
400.0,500.0,-1.557946110854862
